game_date,season,n_games,avg_temp_f,avg_rhum,avg_pres,avg_wspd_mph
2021-04-01,2021,13,51.68,44.49,997.03,9.5
2021-04-02,2021,7,53.97,73.61,990.29,8.7
2021-04-03,2021,14,57.0,50.0,999.48,9.81
2021-04-04,2021,12,64.04,46.77,992.98,8.62
2021-04-05,2021,13,57.69,62.35,1005.95,8.53
2021-04-06,2021,14,60.29,65.16,994.95,7.87
2021-04-07,2021,15,65.45,52.51,995.28,9.49
2021-04-08,2021,9,64.44,57.41,976.08,11.37
2021-04-09,2021,9,68.9,60.74,993.37,10.7
2021-04-10,2021,14,66.22,56.48,990.23,10.56
2021-04-11,2021,13,66.63,55.05,984.4,10.45
2021-04-12,2021,11,58.83,67.05,992.83,8.15
2021-04-13,2021,17,56.59,66.03,1000.14,6.92
2021-04-14,2021,14,54.9,67.69,997.88,8.49
2021-04-15,2021,11,54.94,66.63,998.05,8.49
2021-04-16,2021,12,52.71,78.23,1005.23,7.36
2021-04-17,2021,16,52.96,63.81,983.04,6.48
2021-04-18,2021,15,61.95,46.09,992.93,9.49
2021-04-19,2021,7,55.44,67.56,1008.73,5.86
2021-04-20,2021,15,52.49,67.89,995.84,9.37
2021-04-21,2021,14,48.78,62.37,991.44,10.39
2021-04-22,2021,8,49.18,61.91,1001.6,12.05
2021-04-23,2021,15,54.88,61.25,989.03,9.21
2021-04-24,2021,14,58.58,64.75,987.2,9.12
2021-04-25,2021,16,58.38,60.02,987.22,10.84
2021-04-26,2021,11,62.36,61.33,998.29,10.0
2021-04-27,2021,15,64.71,63.63,995.62,9.29
2021-04-28,2021,14,69.39,68.21,996.28,8.7
2021-04-29,2021,10,69.73,67.26,994.39,9.56
2021-04-30,2021,15,56.04,59.19,1002.26,10.07
2021-05-01,2021,15,68.38,45.91,997.47,11.45
2021-05-02,2021,15,74.61,45.49,994.77,12.26
2021-05-03,2021,8,61.09,77.84,999.9,7.01
2021-05-04,2021,16,58.9,75.51,982.09,7.17
2021-05-05,2021,16,58.28,70.65,995.26,8.12
2021-05-06,2021,10,64.23,49.4,1007.45,9.42
2021-05-07,2021,15,58.02,70.68,1002.14,6.97
2021-05-08,2021,15,62.3,60.18,1001.76,9.49
2021-05-09,2021,13,66.57,59.48,1002.7,12.78
2021-05-10,2021,5,66.82,56.92,998.5,8.3
2021-05-11,2021,15,56.73,63.56,992.78,7.24
2021-05-12,2021,15,58.9,59.15,984.43,7.56
2021-05-13,2021,12,66.59,45.44,992.22,6.9
2021-05-14,2021,16,62.04,58.42,992.91,8.48
2021-05-15,2021,15,66.25,56.05,992.68,7.47
2021-05-16,2021,15,71.02,45.63,993.45,8.31
2021-05-17,2021,9,62.82,74.89,1000.16,7.29
2021-05-18,2021,15,64.47,74.69,1003.91,7.43
2021-05-19,2021,15,67.15,66.27,1004.07,7.45
2021-05-20,2021,11,72.53,49.45,1008.45,8.43
2021-05-21,2021,15,69.43,63.1,1000.59,8.29
2021-05-22,2021,15,73.72,59.63,998.33,8.14
2021-05-23,2021,15,78.11,49.93,995.41,11.11
2021-05-24,2021,8,69.88,60.79,1005.34,8.34
2021-05-25,2021,15,72.59,64.13,1004.69,9.49
2021-05-26,2021,13,73.54,59.36,1003.05,8.92
2021-05-27,2021,15,70.34,57.6,1005.13,10.71
2021-05-28,2021,10,58.43,71.79,1000.03,11.35
2021-05-29,2021,17,61.69,65.05,1002.14,11.26
2021-05-30,2021,14,67.49,51.69,1002.29,8.69
2021-05-31,2021,14,68.71,52.84,1002.31,8.91
2021-06-01,2021,15,67.03,67.49,991.18,6.61
2021-06-02,2021,10,69.64,64.76,984.87,6.64
2021-06-03,2021,12,71.68,62.92,985.34,7.68
2021-06-04,2021,15,71.15,68.48,989.0,7.9
2021-06-05,2021,15,78.95,53.46,987.9,9.09
2021-06-06,2021,15,81.51,49.35,988.79,10.65
2021-06-07,2021,3,57.17,79.1,1014.77,10.87
2021-06-08,2021,15,74.13,80.76,1005.49,5.89
2021-06-09,2021,15,74.74,75.11,1005.48,7.71
2021-06-10,2021,9,75.94,64.56,1001.42,6.97
2021-06-11,2021,14,73.62,72.04,997.1,6.42
2021-06-12,2021,16,77.66,61.56,998.21,6.62
2021-06-13,2021,15,82.69,49.42,998.76,9.5
2021-06-14,2021,13,70.59,68.13,989.97,6.75
2021-06-15,2021,15,70.83,56.09,991.69,7.76
2021-06-16,2021,15,74.91,45.63,992.09,6.83
2021-06-17,2021,10,72.31,57.05,988.33,8.59
2021-06-18,2021,15,77.06,60.86,986.84,7.85
2021-06-19,2021,15,77.49,56.15,987.61,9.04
2021-06-20,2021,16,82.5,57.39,984.55,11.24
2021-06-21,2021,8,70.38,69.2,996.11,10.76
2021-06-22,2021,15,70.21,68.39,1001.79,7.69
2021-06-23,2021,13,74.52,59.8,1009.68,6.29
2021-06-24,2021,10,76.71,63.53,1003.3,7.55
2021-06-25,2021,15,71.5,80.21,1003.06,9.15
2021-06-26,2021,15,77.77,72.18,1000.83,13.55
2021-06-27,2021,15,81.09,62.04,1001.68,11.84
2021-06-28,2021,10,72.27,74.41,990.9,5.61
2021-06-29,2021,14,76.41,79.31,995.36,5.31
2021-06-30,2021,15,77.75,75.46,992.69,6.41
2021-07-01,2021,11,74.45,72.7,980.79,6.91
2021-07-02,2021,14,71.36,70.33,984.89,5.74
2021-07-03,2021,15,74.4,61.49,986.04,6.39
2021-07-04,2021,16,78.91,60.56,989.22,5.79
2021-07-05,2021,11,75.89,75.13,1002.81,8.69
2021-07-06,2021,13,76.26,74.71,999.38,7.68
2021-07-07,2021,17,77.85,71.58,1001.89,9.07
2021-07-08,2021,9,74.43,70.76,998.2,6.18
2021-07-09,2021,15,72.43,78.0,1005.83,6.86
2021-07-10,2021,16,74.3,72.28,1006.17,8.25
2021-07-11,2021,13,79.34,60.92,1008.32,10.29
2021-07-16,2021,15,76.65,73.17,989.48,6.39
2021-07-17,2021,15,73.95,74.23,989.09,6.05
2021-07-18,2021,16,81.49,52.98,992.51,7.79
2021-07-19,2021,12,76.95,71.18,1002.39,5.47
2021-07-20,2021,14,77.56,69.46,988.01,6.15
2021-07-21,2021,15,77.41,66.73,989.14,5.97
2021-07-22,2021,9,74.23,64.07,1006.59,5.41
2021-07-23,2021,15,74.9,72.02,1006.02,6.4
2021-07-24,2021,15,77.02,67.12,1002.74,8.91
2021-07-25,2021,15,82.47,56.57,1001.79,9.48
2021-07-26,2021,9,73.67,69.4,1004.23,6.8
2021-07-27,2021,14,77.26,69.9,1003.41,6.24
2021-07-28,2021,15,77.01,71.61,1004.33,7.23
2021-07-29,2021,12,75.83,73.95,1003.71,10.08
2021-07-30,2021,15,74.2,69.11,1002.35,7.77
2021-07-31,2021,15,77.93,63.97,1001.09,7.88
2021-08-01,2021,15,80.31,57.66,1001.01,9.51
2021-08-02,2021,8,79.22,63.34,1004.4,5.94
2021-08-03,2021,15,74.16,67.79,992.03,6.01
2021-08-04,2021,15,76.87,62.6,992.72,6.2
2021-08-05,2021,12,82.11,55.98,990.66,5.12
2021-08-06,2021,15,74.32,71.26,992.94,6.49
2021-08-07,2021,16,75.47,71.62,992.42,6.79
2021-08-08,2021,15,81.83,58.61,991.81,9.06
2021-08-09,2021,4,65.8,88.1,989.4,7.42
2021-08-10,2021,17,73.92,83.55,1001.26,7.61
2021-08-11,2021,14,78.24,72.98,1001.03,9.79
2021-08-12,2021,14,83.62,64.77,1001.75,10.53
2021-08-13,2021,13,77.7,71.9,1005.44,6.69
2021-08-14,2021,16,76.48,69.16,1004.48,6.59
2021-08-15,2021,15,80.09,52.69,1004.83,6.34
2021-08-16,2021,10,75.83,71.07,983.64,7.19
2021-08-17,2021,16,75.78,80.38,989.61,7.0
2021-08-18,2021,15,79.65,71.14,989.71,7.59
2021-08-19,2021,10,81.66,66.27,995.85,5.98
2021-08-20,2021,15,74.98,77.07,991.29,5.12
2021-08-21,2021,15,78.57,68.43,990.71,7.13
2021-08-22,2021,13,80.22,61.0,989.49,6.98
2021-08-23,2021,7,76.03,79.37,998.61,8.91
2021-08-24,2021,14,78.99,76.95,1004.96,5.12
2021-08-25,2021,14,80.24,78.04,1006.46,5.71
2021-08-26,2021,12,77.7,78.62,1009.4,5.13
2021-08-27,2021,15,76.18,80.03,1001.57,5.15
2021-08-28,2021,15,76.79,76.17,1003.27,6.91
2021-08-29,2021,14,81.4,62.9,1001.39,8.54
2021-08-30,2021,11,74.74,71.78,997.34,5.9
2021-08-31,2021,14,71.74,73.62,995.26,8.41
2021-09-01,2021,14,72.71,66.67,995.1,8.84
2021-09-02,2021,8,72.22,65.35,982.66,8.91
2021-09-03,2021,15,71.21,73.23,993.2,6.36
2021-09-04,2021,16,75.27,62.67,992.27,6.95
2021-09-05,2021,15,81.33,50.89,990.05,8.63
2021-09-06,2021,12,79.18,50.44,987.57,7.73
2021-09-07,2021,15,74.89,68.37,987.33,6.5
2021-09-08,2021,15,75.38,67.73,987.11,6.76
2021-09-09,2021,8,70.9,71.55,1002.24,6.2
2021-09-10,2021,15,67.79,68.7,1001.71,6.56
2021-09-11,2021,16,73.56,63.99,1002.16,8.27
2021-09-12,2021,15,81.95,51.41,1002.07,9.91
2021-09-13,2021,8,69.82,76.35,1008.02,6.81
2021-09-14,2021,16,71.71,75.59,996.99,8.13
2021-09-15,2021,15,71.25,68.86,999.89,7.05
2021-09-16,2021,8,76.1,70.16,1003.78,7.9
2021-09-17,2021,15,72.48,84.8,1009.59,5.86
2021-09-18,2021,15,76.16,72.46,1007.79,4.62
2021-09-19,2021,15,78.4,61.11,1008.07,7.63
2021-09-20,2021,12,73.82,76.58,1003.68,6.69
2021-09-21,2021,15,71.46,72.51,997.49,7.0
2021-09-22,2021,12,72.71,64.0,993.27,8.49
2021-09-23,2021,12,69.88,56.32,985.63,7.92
2021-09-24,2021,16,66.15,68.26,991.04,7.26
2021-09-25,2021,15,66.64,59.86,990.03,6.62
2021-09-26,2021,15,73.79,49.83,990.08,10.15
2021-09-27,2021,5,61.2,76.08,962.0,13.22
2021-09-28,2021,16,67.02,74.37,987.56,8.0
2021-09-29,2021,15,66.89,72.05,989.53,6.31
2021-09-30,2021,12,68.52,69.92,1001.92,5.6
2021-10-01,2021,15,68.35,75.03,1003.82,5.24
2021-10-02,2021,15,73.07,66.55,1000.47,6.32
2021-10-03,2021,15,76.7,60.34,998.16,7.41
2022-04-07,2022,7,59.51,42.54,986.67,12.3
2022-04-08,2022,12,58.8,50.67,982.1,9.46
2022-04-09,2022,15,55.9,49.11,982.59,9.88
2022-04-10,2022,15,61.03,41.16,983.68,13.96
2022-04-11,2022,11,58.93,58.82,1000.34,9.57
2022-04-12,2022,15,62.62,64.39,997.07,11.4
2022-04-13,2022,12,65.09,63.1,994.28,10.54
2022-04-14,2022,11,58.81,53.21,983.55,10.63
2022-04-15,2022,15,56.0,55.05,990.51,9.42
2022-04-16,2022,15,53.62,63.29,991.7,9.66
2022-04-17,2022,14,54.16,49.34,997.54,10.06
2022-04-18,2022,8,52.05,64.92,987.52,9.38
2022-04-19,2022,16,51.92,66.84,995.98,9.62
2022-04-20,2022,16,55.66,65.28,996.88,11.24
2022-04-21,2022,10,60.67,61.34,1011.79,13.01
2022-04-22,2022,14,60.72,66.0,1009.44,9.31
2022-04-23,2022,16,68.28,55.45,1004.84,10.06
2022-04-24,2022,15,72.76,45.69,1003.67,11.96
2022-04-25,2022,7,61.61,48.29,1001.54,6.69
2022-04-26,2022,15,56.94,66.58,1003.3,7.49
2022-04-27,2022,15,55.39,52.09,1003.49,10.38
2022-04-28,2022,13,59.95,47.45,1003.97,10.95
2022-04-29,2022,15,58.69,63.78,991.39,9.97
2022-04-30,2022,15,61.55,63.67,990.16,10.41
2022-05-01,2022,15,64.75,57.58,990.47,13.02
2022-05-02,2022,8,62.44,78.55,1007.45,7.44
2022-05-03,2022,14,56.44,78.39,995.62,9.46
2022-05-04,2022,17,58.93,78.38,993.74,8.16
2022-05-05,2022,10,59.28,74.16,992.28,7.57
2022-05-06,2022,9,64.54,69.56,997.52,7.32
2022-05-07,2022,15,60.83,63.89,994.39,14.0
2022-05-08,2022,18,60.77,58.56,1002.52,13.83
2022-05-09,2022,11,59.74,59.48,1002.47,11.52
2022-05-10,2022,16,66.82,58.42,1004.74,8.79
2022-05-11,2022,14,71.16,52.72,1004.01,10.34
2022-05-12,2022,8,76.74,56.88,997.04,9.36
2022-05-13,2022,15,71.42,64.29,987.71,6.35
2022-05-14,2022,16,73.31,59.34,987.51,5.86
2022-05-15,2022,15,79.23,46.71,985.28,8.48
2022-05-16,2022,12,67.77,63.28,985.51,7.63
2022-05-17,2022,18,66.42,62.21,991.69,8.61
2022-05-18,2022,14,68.94,59.95,990.56,6.77
2022-05-19,2022,8,71.12,68.61,994.61,9.93
2022-05-20,2022,13,71.12,74.41,997.38,10.47
2022-05-21,2022,15,66.33,71.99,984.65,8.26
2022-05-22,2022,16,71.82,57.98,998.06,9.64
2022-05-23,2022,12,65.16,63.42,1002.88,6.02
2022-05-24,2022,15,66.92,69.15,1001.98,7.61
2022-05-25,2022,13,67.41,70.97,1004.82,9.32
2022-05-26,2022,11,68.5,77.21,994.53,8.35
2022-05-27,2022,12,66.78,73.28,999.4,8.61
2022-05-28,2022,17,71.32,64.39,997.74,8.3
2022-05-29,2022,15,76.3,51.79,998.79,10.59
2022-05-30,2022,13,74.98,51.2,983.15,11.95
2022-05-31,2022,15,77.36,60.27,999.09,8.45
2022-06-01,2022,15,69.95,67.65,977.71,7.91
2022-06-02,2022,12,68.41,70.36,985.01,5.3
2022-06-03,2022,15,68.06,68.18,988.26,7.14
2022-06-04,2022,16,71.56,55.58,988.11,7.68
2022-06-05,2022,15,75.35,52.36,988.52,6.97
2022-06-06,2022,5,71.78,81.42,996.84,7.32
2022-06-07,2022,16,68.44,82.63,997.02,7.29
2022-06-08,2022,14,69.35,76.84,995.79,8.91
2022-06-09,2022,11,72.75,61.19,996.07,7.88
2022-06-10,2022,15,69.03,72.97,998.91,6.25
2022-06-11,2022,16,74.46,62.2,998.13,6.64
2022-06-12,2022,15,75.7,66.88,997.57,9.5
2022-06-13,2022,10,75.29,65.56,998.55,10.15
2022-06-14,2022,16,74.76,59.14,990.74,7.02
2022-06-15,2022,15,77.41,55.92,993.02,8.99
2022-06-16,2022,9,77.34,56.49,988.08,12.64
2022-06-17,2022,16,77.26,49.97,988.22,10.08
2022-06-18,2022,16,71.01,43.92,993.38,12.15
2022-06-19,2022,15,77.25,32.09,994.97,10.86
2022-06-20,2022,9,75.2,53.46,1004.1,7.66
2022-06-21,2022,15,80.43,54.61,1004.03,8.35
2022-06-22,2022,15,78.77,62.57,1002.3,6.9
2022-06-23,2022,10,80.02,48.8,998.08,8.29
2022-06-24,2022,15,78.41,64.87,996.53,7.49
2022-06-25,2022,15,80.48,60.64,997.61,7.59
2022-06-26,2022,15,82.21,48.12,1000.14,10.7
2022-06-27,2022,9,71.9,55.44,989.5,6.76
2022-06-28,2022,16,72.89,57.34,997.74,7.3
2022-06-29,2022,15,78.43,53.85,998.09,7.6
2022-06-30,2022,8,75.79,60.21,1003.5,8.26
2022-07-01,2022,14,74.21,70.74,990.8,8.5
2022-07-02,2022,17,76.4,59.25,991.57,7.76
2022-07-03,2022,15,79.43,47.72,993.82,8.69
2022-07-04,2022,14,79.99,55.99,1000.18,7.93
2022-07-05,2022,15,76.93,75.47,998.52,8.08
2022-07-06,2022,14,76.41,74.41,998.83,7.56
2022-07-07,2022,13,76.0,71.95,1001.36,5.95
2022-07-08,2022,15,75.2,74.13,1000.54,8.38
2022-07-09,2022,15,78.43,58.23,1002.29,8.47
2022-07-10,2022,15,82.88,48.29,1001.23,6.9
2022-07-11,2022,10,75.98,67.0,980.29,7.89
2022-07-12,2022,15,74.75,66.55,986.73,8.45
2022-07-13,2022,16,78.6,63.06,992.08,6.66
2022-07-14,2022,13,76.95,64.1,994.18,7.67
2022-07-15,2022,14,75.96,67.86,996.44,6.87
2022-07-16,2022,16,79.86,63.46,994.09,7.94
2022-07-17,2022,12,84.68,55.31,992.39,8.65
2022-07-21,2022,6,79.28,58.35,1010.57,8.27
2022-07-22,2022,14,79.27,64.02,997.84,5.85
2022-07-23,2022,16,80.49,63.73,998.22,7.07
2022-07-24,2022,15,86.59,51.57,997.27,11.54
2022-07-25,2022,12,72.88,74.31,998.68,7.08
2022-07-26,2022,15,73.23,71.23,990.13,6.53
2022-07-27,2022,14,79.76,61.71,988.67,6.66
2022-07-28,2022,10,76.9,67.42,988.06,8.77
2022-07-29,2022,15,75.39,69.4,995.39,6.69
2022-07-30,2022,15,79.02,58.73,997.97,8.22
2022-07-31,2022,15,82.63,53.96,998.74,8.93
2022-08-01,2022,10,77.58,71.46,1003.64,6.67
2022-08-02,2022,16,79.32,70.46,1001.66,7.76
2022-08-03,2022,14,83.99,58.17,1000.88,8.48
2022-08-04,2022,13,79.66,69.32,999.88,7.85
2022-08-05,2022,14,79.41,72.14,998.91,7.03
2022-08-06,2022,17,82.31,62.76,1001.98,7.82
2022-08-07,2022,15,86.93,53.68,999.55,9.71
2022-08-08,2022,7,76.57,72.41,1004.19,7.81
2022-08-09,2022,16,77.01,69.04,992.75,6.18
2022-08-10,2022,14,78.69,61.56,993.56,7.96
2022-08-11,2022,8,85.7,47.5,980.5,5.74
2022-08-12,2022,14,75.56,62.08,996.65,6.36
2022-08-13,2022,16,78.21,56.92,996.91,7.34
2022-08-14,2022,15,82.55,52.73,994.69,9.07
2022-08-15,2022,14,73.43,71.55,998.94,6.32
2022-08-16,2022,15,72.97,69.28,999.83,6.51
2022-08-17,2022,15,74.63,71.65,1000.15,5.69
2022-08-18,2022,11,75.34,67.27,1000.54,6.24
2022-08-19,2022,15,73.72,73.22,987.98,6.78
2022-08-20,2022,16,74.61,70.19,990.75,7.02
2022-08-21,2022,14,79.81,60.44,989.96,7.16
2022-08-22,2022,9,71.94,80.63,999.33,4.82
2022-08-23,2022,16,73.03,74.76,992.61,5.45
2022-08-24,2022,14,77.01,67.98,993.28,5.24
2022-08-25,2022,9,77.43,70.42,1011.8,5.81
2022-08-26,2022,15,72.87,80.01,1003.93,5.54
2022-08-27,2022,15,74.35,76.68,1002.81,6.98
2022-08-28,2022,15,81.85,61.85,1002.31,9.65
2022-08-29,2022,8,76.54,66.47,995.71,9.06
2022-08-30,2022,15,75.21,67.47,995.81,7.9
2022-08-31,2022,15,78.07,53.87,996.16,8.78
2022-09-01,2022,8,81.68,45.38,996.56,5.81
2022-09-02,2022,15,75.61,69.97,1001.59,6.04
2022-09-03,2022,14,77.94,68.13,1001.43,7.34
2022-09-04,2022,16,82.02,63.09,999.55,7.4
2022-09-05,2022,12,80.18,62.25,993.24,6.24
2022-09-06,2022,14,74.85,71.06,993.88,5.59
2022-09-07,2022,17,77.73,65.06,996.12,7.07
2022-09-08,2022,7,76.54,55.91,999.27,6.0
2022-09-09,2022,15,70.87,71.52,990.88,6.49
2022-09-10,2022,15,72.91,66.61,995.25,6.67
2022-09-11,2022,15,75.15,62.26,994.91,8.68
2022-09-12,2022,9,71.84,71.73,998.16,8.39
2022-09-13,2022,17,70.09,68.16,997.94,7.29
2022-09-14,2022,15,72.5,64.8,1002.73,7.49
2022-09-15,2022,8,74.89,64.2,1001.5,6.51
2022-09-16,2022,15,70.82,73.16,1004.05,6.72
2022-09-17,2022,17,75.12,65.8,1001.02,7.95
2022-09-18,2022,15,82.22,53.29,999.37,9.66
2022-09-19,2022,9,73.8,68.52,981.76,6.78
2022-09-20,2022,16,75.52,66.33,990.42,7.12
2022-09-21,2022,15,73.04,67.19,990.33,7.93
2022-09-22,2022,13,68.3,57.85,990.14,9.45
2022-09-23,2022,15,66.34,62.06,990.09,7.16
2022-09-24,2022,15,71.85,58.36,987.58,6.63
2022-09-25,2022,15,77.41,48.87,985.39,11.28
2022-09-26,2022,4,60.18,71.03,996.78,10.75
2022-09-27,2022,15,59.47,68.16,1004.95,8.53
2022-09-28,2022,15,59.77,71.91,1012.29,7.79
2022-09-29,2022,10,61.24,69.65,1010.02,6.12
2022-09-30,2022,15,60.53,72.14,1004.71,7.0
2022-10-01,2022,16,63.89,69.54,1004.28,10.93
2022-10-02,2022,15,66.01,59.25,1007.47,12.2
2022-10-03,2022,14,61.23,72.09,1008.54,5.57
2022-10-04,2022,17,63.75,69.62,1006.63,6.08
2022-10-05,2022,16,69.84,57.99,1005.57,7.78
2023-03-30,2023,15,57.39,60.27,1008.69,10.47
2023-03-31,2023,5,59.78,83.14,1012.38,8.62
2023-04-01,2023,15,60.95,58.82,1003.13,11.96
2023-04-02,2023,15,61.57,55.53,1004.98,10.77
2023-04-03,2023,15,58.78,65.66,1001.02,10.8
2023-04-04,2023,14,61.42,73.8,1003.0,9.81
2023-04-05,2023,12,61.23,58.91,1006.88,12.72
2023-04-06,2023,6,58.45,35.9,968.52,8.38
2023-04-07,2023,14,57.28,57.59,994.57,8.44
2023-04-08,2023,15,53.8,58.69,996.72,6.7
2023-04-09,2023,15,61.21,45.69,999.02,7.75
2023-04-10,2023,14,59.88,57.31,995.17,7.4
2023-04-11,2023,15,64.27,48.65,989.95,10.19
2023-04-12,2023,15,72.29,45.77,985.15,11.83
2023-04-13,2023,7,69.96,51.67,1003.41,8.99
2023-04-14,2023,15,62.39,70.62,1001.32,6.33
2023-04-15,2023,15,65.46,70.22,1003.09,8.31
2023-04-16,2023,14,60.86,64.84,1003.69,12.79
2023-04-17,2023,11,56.77,63.88,986.09,7.02
2023-04-18,2023,17,54.31,57.37,990.44,9.48
2023-04-19,2023,15,63.37,50.08,994.79,10.73
2023-04-20,2023,7,64.01,49.61,1004.84,8.33
2023-04-21,2023,14,62.01,56.75,999.09,7.67
2023-04-22,2023,16,58.8,63.14,995.33,10.16
2023-04-23,2023,15,59.55,49.89,998.75,10.47
2023-04-24,2023,11,53.16,60.37,999.5,6.89
2023-04-25,2023,15,52.91,64.83,1002.64,6.56
2023-04-26,2023,15,55.88,64.64,1003.25,6.65
2023-04-27,2023,11,57.85,67.2,997.7,8.01
2023-04-28,2023,12,54.22,80.35,988.92,8.05
2023-04-29,2023,16,57.78,71.35,987.82,9.9
2023-04-30,2023,14,60.49,64.38,981.25,12.09
2023-05-01,2023,8,57.78,66.82,998.4,9.89
2023-05-02,2023,14,58.96,64.84,987.89,7.57
2023-05-03,2023,16,60.04,60.78,988.57,7.76
2023-05-04,2023,10,67.17,46.92,987.08,7.18
2023-05-05,2023,15,61.13,66.57,1003.0,7.76
2023-05-06,2023,15,67.43,61.29,1002.32,7.93
2023-05-07,2023,15,72.13,57.89,999.91,9.01
2023-05-08,2023,11,62.4,67.18,997.53,7.58
2023-05-09,2023,15,60.77,65.05,999.25,7.17
2023-05-10,2023,15,66.27,55.65,1000.85,6.73
2023-05-11,2023,6,71.47,56.83,994.6,6.92
2023-05-12,2023,15,66.21,66.68,991.51,6.48
2023-05-13,2023,15,69.19,60.91,992.91,8.35
2023-05-14,2023,15,67.65,50.45,997.94,9.92
2023-05-15,2023,12,63.24,72.21,997.35,6.74
2023-05-16,2023,15,63.68,72.09,990.67,9.22
2023-05-17,2023,15,63.06,57.75,994.71,8.46
2023-05-18,2023,6,65.27,51.25,1011.17,8.35
2023-05-19,2023,15,65.51,74.23,1006.89,8.11
2023-05-20,2023,14,68.8,65.38,1004.56,8.59
2023-05-21,2023,16,71.81,58.24,1006.16,7.6
2023-05-22,2023,12,66.87,61.74,986.72,7.05
2023-05-23,2023,15,66.53,59.87,992.03,6.47
2023-05-24,2023,15,67.15,61.31,990.45,8.8
2023-05-25,2023,10,63.99,51.37,988.59,8.32
2023-05-26,2023,15,64.45,54.34,991.64,8.04
2023-05-27,2023,15,70.98,44.51,991.19,7.65
2023-05-28,2023,15,74.06,42.43,989.15,7.91
2023-05-29,2023,11,71.9,53.28,1000.51,9.08
2023-05-30,2023,15,67.29,64.36,1004.63,7.81
2023-05-31,2023,14,71.5,58.11,1004.86,8.9
2023-06-01,2023,7,80.04,52.33,1002.2,6.07
2023-06-02,2023,14,73.61,63.1,997.11,6.34
2023-06-03,2023,16,74.5,54.79,999.4,9.15
2023-06-04,2023,15,76.9,46.13,998.21,9.65
2023-06-05,2023,8,70.38,57.38,1002.79,6.72
2023-06-06,2023,15,68.94,59.27,987.23,7.77
2023-06-07,2023,13,68.85,55.48,983.53,7.0
2023-06-08,2023,11,68.45,50.12,983.21,6.51
2023-06-09,2023,15,66.61,58.6,986.61,7.18
2023-06-10,2023,15,76.77,42.71,985.3,8.03
2023-06-11,2023,15,71.96,59.73,985.55,12.11
2023-06-12,2023,8,69.08,61.8,994.46,7.88
2023-06-13,2023,14,69.32,68.3,995.34,7.97
2023-06-14,2023,16,69.9,65.33,991.94,6.51
2023-06-15,2023,10,71.87,64.96,992.43,9.52
2023-06-16,2023,15,69.93,72.35,996.59,6.65
2023-06-17,2023,14,78.34,50.66,994.49,9.58
2023-06-18,2023,16,76.31,56.58,995.18,8.64
2023-06-19,2023,10,73.56,66.83,998.84,9.07
2023-06-20,2023,15,71.33,70.77,1005.17,8.69
2023-06-21,2023,14,74.94,63.12,1004.07,10.96
2023-06-22,2023,8,75.14,61.15,1007.86,8.78
2023-06-23,2023,14,69.44,81.88,993.02,6.29
2023-06-24,2023,15,76.09,65.31,992.02,8.13
2023-06-25,2023,15,79.27,58.77,990.47,11.07
2023-06-26,2023,6,75.07,75.0,998.2,6.78
2023-06-27,2023,15,73.53,67.1,984.33,7.09
2023-06-28,2023,15,75.64,62.73,986.54,7.13
2023-06-29,2023,12,79.86,59.14,984.74,6.38
2023-06-30,2023,14,74.17,72.51,989.71,6.37
2023-07-01,2023,16,79.04,66.33,989.24,6.17
2023-07-02,2023,15,80.69,60.91,987.59,8.55
2023-07-03,2023,10,74.05,77.5,1000.2,6.68
2023-07-04,2023,15,81.43,62.15,1001.11,7.47
2023-07-05,2023,14,78.06,68.71,1002.13,6.73
2023-07-06,2023,13,79.11,71.48,998.81,6.14
2023-07-07,2023,15,73.52,74.16,999.19,6.91
2023-07-08,2023,15,76.59,67.6,998.45,7.03
2023-07-09,2023,14,80.1,60.65,1000.04,9.71
2023-07-14,2023,14,76.02,71.93,989.0,6.46
2023-07-15,2023,17,78.37,71.15,988.84,5.99
2023-07-16,2023,15,82.45,56.15,988.23,6.94
2023-07-17,2023,10,73.43,73.92,999.61,6.68
2023-07-18,2023,15,75.41,68.51,990.75,5.73
2023-07-19,2023,15,79.4,65.05,992.29,5.93
2023-07-20,2023,10,81.11,59.28,1003.04,5.95
2023-07-21,2023,15,75.79,66.03,1001.33,5.39
2023-07-22,2023,15,78.73,56.67,1000.52,5.74
2023-07-23,2023,15,82.73,49.37,1002.88,6.67
2023-07-24,2023,10,78.25,67.13,998.36,6.56
2023-07-25,2023,15,79.02,68.01,1003.31,6.77
2023-07-26,2023,14,85.11,56.16,1001.96,9.06
2023-07-27,2023,5,81.72,72.66,996.56,6.72
2023-07-28,2023,15,79.74,72.07,989.94,6.84
2023-07-29,2023,15,78.83,68.07,989.35,7.27
2023-07-30,2023,15,83.03,53.63,990.62,7.63
2023-07-31,2023,10,73.81,61.2,993.01,6.96
2023-08-01,2023,15,75.62,65.78,994.21,6.59
2023-08-02,2023,15,78.94,60.78,993.53,7.17
2023-08-03,2023,11,78.53,67.61,1000.91,7.66
2023-08-04,2023,14,75.76,71.11,1000.55,7.21
2023-08-05,2023,15,78.5,61.25,1001.35,6.93
2023-08-06,2023,15,81.75,55.55,1000.01,8.93
2023-08-07,2023,11,70.48,75.96,997.95,8.86
2023-08-08,2023,16,75.91,65.2,998.31,8.84
2023-08-09,2023,15,77.61,61.2,997.57,7.51
2023-08-10,2023,8,75.31,76.8,994.91,9.12
2023-08-11,2023,15,77.58,66.63,1001.32,7.28
2023-08-12,2023,15,78.71,66.47,1003.47,8.63
2023-08-13,2023,15,83.85,54.88,1003.53,9.79
2023-08-14,2023,9,75.42,66.1,985.1,8.03
2023-08-15,2023,15,72.44,74.68,989.29,6.28
2023-08-16,2023,15,76.84,62.56,987.66,8.1
2023-08-17,2023,5,75.52,62.6,997.14,7.52
2023-08-18,2023,16,73.65,61.79,987.82,7.57
2023-08-19,2023,18,78.13,59.52,990.87,7.18
2023-08-20,2023,12,88.81,44.72,988.52,6.62
2023-08-21,2023,9,75.89,74.64,1001.06,6.91
2023-08-22,2023,15,75.51,66.22,1003.02,6.59
2023-08-23,2023,15,81.33,61.71,1002.75,7.65
2023-08-24,2023,9,84.24,63.33,996.31,6.32
2023-08-25,2023,15,75.97,73.65,1000.51,6.62
2023-08-26,2023,15,76.65,64.47,1001.13,9.15
2023-08-27,2023,15,79.93,50.17,1001.81,7.1
2023-08-28,2023,14,69.59,74.3,992.28,5.59
2023-08-29,2023,15,72.24,75.34,990.63,5.41
2023-08-30,2023,15,75.21,56.63,990.04,9.4
2023-08-31,2023,4,69.42,65.0,1003.32,5.52
2023-09-01,2023,16,73.85,63.84,991.6,7.71
2023-09-02,2023,15,79.62,58.15,989.92,8.14
2023-09-03,2023,15,85.86,49.96,988.05,9.3
2023-09-04,2023,11,84.05,53.48,994.58,7.57
2023-09-05,2023,15,80.61,62.98,997.84,6.33
2023-09-06,2023,15,81.67,56.84,996.94,7.05
2023-09-07,2023,6,76.52,72.88,1001.62,5.8
2023-09-08,2023,15,72.72,74.07,1004.27,6.37
2023-09-09,2023,15,75.91,66.83,1005.63,6.43
2023-09-10,2023,15,79.19,59.12,1005.69,5.73
2023-09-11,2023,13,68.28,78.75,994.73,5.62
2023-09-12,2023,17,67.07,79.26,994.52,6.24
2023-09-13,2023,14,67.53,66.55,992.52,5.06
2023-09-14,2023,9,66.01,64.24,1007.37,5.93
2023-09-15,2023,15,67.15,65.73,991.5,5.68
2023-09-16,2023,16,67.83,66.39,980.89,5.58
2023-09-17,2023,15,74.13,53.21,989.28,7.39
2023-09-18,2023,11,71.07,64.69,1000.95,6.13
2023-09-19,2023,15,72.05,65.12,999.85,7.15
2023-09-20,2023,15,77.29,58.62,1000.73,7.43
2023-09-21,2023,9,68.44,73.99,1010.37,5.12
2023-09-22,2023,15,69.77,71.04,1008.63,7.33
2023-09-23,2023,13,71.99,67.23,1003.5,9.32
2023-09-24,2023,16,74.23,67.33,1004.69,10.14
2023-09-25,2023,4,62.9,79.82,1013.45,10.85
2023-09-26,2023,15,63.8,73.64,986.56,8.05
2023-09-27,2023,16,62.49,74.71,998.46,8.24
2023-09-28,2023,11,64.48,73.39,989.7,7.44
2023-09-29,2023,14,68.08,71.56,987.24,6.76
2023-09-30,2023,16,69.34,68.19,992.66,6.36
2023-10-01,2023,15,76.55,50.35,992.05,7.15
2024-03-20,2024,1,54.4,89.3,1014.7,4.2
2024-03-21,2024,1,50.7,89.3,997.8,3.9
2024-03-28,2024,13,62.35,53.72,1002.68,10.12
2024-03-29,2024,10,58.63,68.0,1005.78,9.36
2024-03-30,2024,15,61.78,61.99,999.33,9.73
2024-03-31,2024,15,64.59,60.83,1001.19,10.4
2024-04-01,2024,14,56.73,80.34,1006.84,7.06
2024-04-02,2024,13,54.89,81.1,1000.61,11.48
2024-04-03,2024,13,57.96,77.36,997.25,12.13
2024-04-04,2024,6,46.87,65.28,994.4,11.52
2024-04-05,2024,13,50.38,49.36,984.72,12.25
2024-04-06,2024,15,52.2,52.6,986.91,11.67
2024-04-07,2024,14,59.19,47.17,985.9,11.16
2024-04-08,2024,13,57.28,65.52,986.39,5.98
2024-04-09,2024,15,58.08,66.15,987.51,7.31
2024-04-10,2024,13,61.62,60.88,987.92,7.78
2024-04-11,2024,5,64.06,63.6,991.84,14.54
2024-04-12,2024,14,58.18,64.84,999.61,12.13
2024-04-13,2024,17,59.62,54.71,1000.1,13.39
2024-04-14,2024,15,67.57,52.08,1001.98,10.7
2024-04-15,2024,15,61.42,63.16,1005.71,7.11
2024-04-16,2024,14,61.96,60.51,1008.89,8.08
2024-04-17,2024,16,66.55,60.6,1003.72,12.16
2024-04-18,2024,4,61.12,70.18,1010.88,7.15
2024-04-19,2024,14,54.08,68.48,1001.1,7.37
2024-04-20,2024,16,54.58,51.68,991.65,10.01
2024-04-21,2024,16,54.94,47.68,982.17,9.16
2024-04-22,2024,11,58.57,52.95,982.6,8.46
2024-04-23,2024,15,58.39,61.68,987.33,8.41
2024-04-24,2024,15,58.47,58.99,991.73,7.91
2024-04-25,2024,10,57.69,55.26,986.1,10.2
2024-04-26,2024,14,56.56,68.07,1008.82,12.22
2024-04-27,2024,15,62.29,70.19,996.34,11.42
2024-04-28,2024,15,67.93,63.53,994.48,11.77
2024-04-29,2024,11,63.92,67.16,1003.33,7.25
2024-04-30,2024,16,64.34,72.17,1001.19,7.7
2024-05-01,2024,15,68.21,60.42,1001.82,9.79
2024-05-02,2024,6,77.8,62.95,1006.5,8.4
2024-05-03,2024,15,64.14,73.4,999.28,7.29
2024-05-04,2024,15,65.48,71.4,999.22,9.97
2024-05-05,2024,15,67.72,63.11,1000.41,8.26
2024-05-06,2024,10,65.21,71.34,993.54,8.08
2024-05-07,2024,15,67.64,66.15,978.68,7.07
2024-05-08,2024,15,73.61,48.3,980.88,10.11
2024-05-09,2024,7,59.46,66.7,972.71,7.66
2024-05-10,2024,15,59.41,71.46,991.79,7.25
2024-05-11,2024,15,60.7,69.09,990.55,8.34
2024-05-12,2024,15,68.15,54.76,992.61,8.64
2024-05-13,2024,13,64.01,71.38,1000.24,8.36
2024-05-14,2024,15,64.27,69.4,995.87,8.58
2024-05-15,2024,15,67.07,65.78,996.17,9.29
2024-05-16,2024,6,63.17,79.83,996.72,9.18
2024-05-17,2024,15,67.22,82.56,995.53,6.19
2024-05-18,2024,14,72.55,72.64,998.9,7.48
2024-05-19,2024,15,76.7,59.0,998.87,8.55
2024-05-20,2024,12,72.38,74.53,997.37,6.25
2024-05-21,2024,15,73.41,69.33,999.05,9.19
2024-05-22,2024,15,74.04,64.84,999.63,8.93
2024-05-23,2024,8,74.36,53.46,998.49,7.22
2024-05-24,2024,14,70.02,57.97,985.11,9.32
2024-05-25,2024,15,71.39,56.43,986.99,8.0
2024-05-26,2024,15,74.87,57.07,986.66,9.16
2024-05-27,2024,10,69.11,62.12,981.12,9.8
2024-05-28,2024,15,66.29,67.93,992.79,8.17
2024-05-29,2024,16,66.86,59.64,993.79,7.96
2024-05-30,2024,8,67.46,56.46,1006.0,5.89
2024-05-31,2024,15,65.85,64.39,1006.73,7.32
2024-06-01,2024,15,71.06,61.4,1004.21,8.15
2024-06-02,2024,15,74.35,62.77,1002.39,8.13
2024-06-03,2024,8,76.21,61.82,977.34,7.7
2024-06-04,2024,15,75.5,66.91,988.83,7.94
2024-06-05,2024,14,77.74,66.41,987.01,7.02
2024-06-06,2024,10,71.32,64.53,992.49,7.93
2024-06-07,2024,14,72.41,61.81,997.86,8.26
2024-06-08,2024,15,76.47,58.03,998.81,9.19
2024-06-09,2024,15,77.39,47.23,998.65,10.89
2024-06-10,2024,7,64.94,69.31,1000.71,7.16
2024-06-11,2024,15,69.79,62.87,998.78,6.14
2024-06-12,2024,15,75.2,57.09,999.17,8.5
2024-06-13,2024,11,79.75,55.08,997.57,9.6
2024-06-14,2024,15,72.53,62.45,989.31,6.93
2024-06-15,2024,14,78.09,42.56,990.66,8.61
2024-06-16,2024,16,81.36,44.35,989.34,10.71
2024-06-17,2024,9,79.33,63.34,980.29,9.83
2024-06-18,2024,15,77.07,63.89,991.75,9.92
2024-06-19,2024,15,78.67,60.09,996.51,7.93
2024-06-20,2024,9,78.11,57.76,990.72,8.1
2024-06-21,2024,14,78.35,66.61,992.56,6.28
2024-06-22,2024,15,85.08,51.35,989.63,9.29
2024-06-23,2024,14,84.64,54.05,986.56,10.54
2024-06-24,2024,12,75.94,58.54,998.89,8.22
2024-06-25,2024,14,77.99,67.09,998.63,8.4
2024-06-26,2024,16,80.36,61.45,997.35,8.84
2024-06-27,2024,9,74.74,52.28,993.78,9.36
2024-06-28,2024,15,74.05,67.21,1000.51,9.03
2024-06-29,2024,15,80.84,64.55,1001.87,9.81
2024-06-30,2024,15,80.31,56.61,1004.0,10.39
2024-07-01,2024,3,75.63,44.33,957.63,6.13
2024-07-02,2024,15,76.16,59.88,989.11,7.55
2024-07-03,2024,15,77.09,64.87,988.5,7.55
2024-07-04,2024,15,81.03,60.25,987.89,6.6
2024-07-05,2024,15,76.73,65.07,986.65,5.79
2024-07-06,2024,15,81.93,53.77,987.8,6.76
2024-07-07,2024,15,82.29,54.31,990.09,6.13
2024-07-08,2024,7,85.86,52.71,993.01,6.4
2024-07-09,2024,13,79.89,72.48,1002.03,7.18
2024-07-10,2024,17,76.99,73.41,999.72,9.81
2024-07-11,2024,12,81.92,58.97,1004.78,7.07
2024-07-12,2024,15,76.52,75.9,1006.95,5.42
2024-07-13,2024,16,81.94,63.28,1006.09,7.09
2024-07-14,2024,15,85.91,56.67,1005.37,9.51
2024-07-19,2024,13,74.95,59.83,993.09,6.84
2024-07-20,2024,16,77.31,62.93,990.4,6.82
2024-07-21,2024,15,80.02,56.52,990.95,5.98
2024-07-22,2024,13,73.05,74.28,986.26,5.48
2024-07-23,2024,14,75.75,66.46,991.76,5.56
2024-07-24,2024,15,78.29,63.52,993.11,6.25
2024-07-25,2024,8,80.29,57.56,1007.91,9.36
2024-07-26,2024,15,75.83,63.93,1004.57,5.65
2024-07-27,2024,16,76.82,61.66,1004.33,7.59
2024-07-28,2024,15,82.79,56.05,1003.58,8.11
2024-07-29,2024,12,79.12,75.27,999.38,7.32
2024-07-30,2024,15,78.07,74.16,1001.83,8.36
2024-07-31,2024,14,82.8,66.41,1003.54,8.03
2024-08-01,2024,5,76.1,82.72,992.56,5.58
2024-08-02,2024,15,77.69,72.4,999.39,6.6
2024-08-03,2024,15,78.42,68.41,997.93,5.79
2024-08-04,2024,15,84.06,54.23,999.81,6.05
2024-08-05,2024,9,78.26,67.99,998.2,7.94
2024-08-06,2024,13,75.98,66.94,987.07,6.58
2024-08-07,2024,17,75.87,68.99,989.16,8.94
2024-08-08,2024,10,79.37,68.83,982.55,8.4
2024-08-09,2024,15,70.08,69.97,988.51,9.36
2024-08-10,2024,16,77.0,58.57,992.85,9.02
2024-08-11,2024,13,80.76,48.91,992.62,9.05
2024-08-12,2024,11,74.6,63.85,1000.11,6.14
2024-08-13,2024,15,75.13,65.57,1003.57,5.39
2024-08-14,2024,15,76.78,62.33,1004.01,6.52
2024-08-15,2024,7,80.13,51.9,1005.86,8.66
2024-08-16,2024,14,79.25,67.73,989.12,7.77
2024-08-17,2024,15,78.08,68.01,989.83,7.83
2024-08-18,2024,15,81.45,60.13,990.73,9.25
2024-08-19,2024,10,74.16,67.68,1005.8,7.58
2024-08-20,2024,15,71.63,62.59,1005.63,6.93
2024-08-21,2024,15,72.57,62.33,1006.59,7.3
2024-08-22,2024,10,71.8,56.14,1008.99,6.65
2024-08-23,2024,15,69.21,71.36,1005.95,6.41
2024-08-24,2024,15,75.68,62.81,1005.31,7.11
2024-08-25,2024,15,81.97,52.65,1006.72,7.65
2024-08-26,2024,11,76.91,71.87,988.13,5.92
2024-08-27,2024,15,79.55,62.96,988.82,6.1
2024-08-28,2024,15,77.75,67.15,989.43,6.98
2024-08-29,2024,11,79.75,60.85,988.61,5.51
2024-08-30,2024,16,76.44,67.25,992.18,7.49
2024-08-31,2024,15,78.16,63.19,990.24,7.44
2024-09-01,2024,15,81.28,54.2,990.76,9.81
2024-09-02,2024,11,76.63,51.75,1003.74,8.22
2024-09-03,2024,13,71.25,65.05,1007.57,6.5
2024-09-04,2024,15,72.77,66.95,1008.6,6.52
2024-09-05,2024,9,78.81,61.14,1005.16,5.86
2024-09-06,2024,14,71.1,69.4,1003.24,7.31
2024-09-07,2024,16,70.66,58.29,999.58,7.88
2024-09-08,2024,15,77.77,39.16,1002.25,9.03
2024-09-09,2024,9,70.43,58.32,1000.32,6.71
2024-09-10,2024,15,70.64,60.41,1001.94,6.49
2024-09-11,2024,15,73.43,61.03,1002.22,5.86
2024-09-12,2024,8,73.19,64.25,1007.55,7.65
2024-09-13,2024,15,71.23,66.61,991.13,6.77
2024-09-14,2024,15,75.11,60.93,991.59,8.12
2024-09-15,2024,15,79.59,47.93,992.97,10.65
2024-09-16,2024,10,70.82,64.31,984.21,7.34
2024-09-17,2024,15,71.8,70.43,991.91,5.21
2024-09-18,2024,15,75.13,63.07,990.25,6.95
2024-09-19,2024,12,78.68,62.42,1000.59,6.83
2024-09-20,2024,15,74.81,69.1,1000.95,6.67
2024-09-21,2024,14,77.1,65.55,1000.59,7.11
2024-09-22,2024,16,75.44,67.46,1002.88,8.04
2024-09-23,2024,4,76.3,62.58,998.68,7.2
2024-09-24,2024,15,69.25,73.23,984.97,7.17
2024-09-25,2024,14,70.46,72.51,986.9,5.66
2024-09-26,2024,9,73.32,64.74,982.59,6.08
2024-09-27,2024,15,69.15,67.84,985.55,10.03
2024-09-28,2024,15,70.06,68.65,986.56,9.72
2024-09-29,2024,14,73.71,60.37,989.06,8.71
2024-09-30,2024,2,64.95,97.35,974.5,10.3
2025-03-18,2025,1,45.9,68.0,988.7,10.3
2025-03-19,2025,1,37.5,100.0,980.1,4.8
2025-03-27,2025,14,61.4,57.82,1006.12,8.66
2025-03-29,2025,15,68.4,62.27,1002.25,9.24
2025-03-30,2025,13,66.52,64.74,1000.01,9.26
2025-03-31,2025,13,58.22,72.63,1002.69,6.77
2025-04-01,2025,12,54.16,70.02,1005.41,7.78
2025-04-02,2025,14,60.36,71.26,1004.01,11.65
2025-04-03,2025,5,60.82,71.84,1006.08,10.0
2025-04-04,2025,14,57.2,62.24,994.62,6.82
2025-04-05,2025,14,54.49,65.95,990.2,7.25
2025-04-06,2025,15,52.76,53.65,992.5,6.65
2025-04-07,2025,10,47.22,67.31,996.99,8.32
2025-04-08,2025,14,47.97,49.51,988.35,9.56
2025-04-09,2025,14,55.81,44.6,993.41,6.21
2025-04-10,2025,6,60.35,51.95,975.92,7.68
2025-04-11,2025,13,57.94,61.04,1004.74,5.86
2025-04-12,2025,14,60.69,54.92,1003.36,7.34
2025-04-13,2025,14,67.03,46.87,1001.21,8.28
2025-04-14,2025,10,57.12,66.07,997.34,7.61
2025-04-15,2025,15,53.83,56.06,1000.02,8.73
2025-04-16,2025,15,55.41,52.29,1003.01,8.07
2025-04-17,2025,10,63.75,46.03,1007.34,7.33
2025-04-18,2025,14,67.92,63.02,1001.51,10.26
2025-04-19,2025,15,69.19,60.05,993.05,8.81
2025-04-20,2025,16,63.2,48.32,988.78,7.93
2025-04-21,2025,8,62.92,65.51,1005.75,8.51
2025-04-22,2025,14,65.48,61.76,999.65,5.54
2025-04-23,2025,13,68.08,52.01,1004.02,5.52
2025-04-24,2025,8,65.36,55.8,999.78,5.94
2025-04-25,2025,12,59.57,65.59,987.48,7.02
2025-04-26,2025,15,59.51,62.49,988.03,7.51
2025-04-27,2025,15,62.8,52.45,991.8,9.03
2025-04-28,2025,8,66.42,56.59,985.91,6.79
2025-04-29,2025,14,64.76,66.96,993.64,8.86
2025-04-30,2025,16,66.39,54.08,994.79,6.29
2025-05-01,2025,11,66.94,67.09,1000.25,8.7
2025-05-02,2025,15,63.48,75.51,1000.47,7.33
2025-05-03,2025,14,62.55,75.96,1000.4,6.57
2025-05-04,2025,16,63.72,66.62,999.31,7.88
2025-05-05,2025,8,60.62,76.16,993.52,4.11
2025-05-06,2025,14,67.49,69.18,1000.19,5.13
2025-05-07,2025,14,65.85,64.26,989.49,6.45
2025-05-08,2025,9,69.57,56.74,962.36,4.52
2025-05-09,2025,14,66.46,51.1,990.01,5.49
2025-05-10,2025,14,70.47,46.41,990.9,6.0
2025-05-11,2025,14,75.72,40.16,991.52,6.74
2025-05-12,2025,11,66.45,66.55,1002.35,6.36
2025-05-13,2025,13,64.61,77.58,998.14,7.17
2025-05-14,2025,17,66.44,78.49,1001.52,7.11
2025-05-15,2025,6,74.12,68.22,992.33,5.97
2025-05-16,2025,15,71.35,65.01,993.85,7.4
2025-05-17,2025,15,69.96,59.65,993.85,8.91
2025-05-18,2025,15,70.63,52.21,997.43,10.51
2025-05-19,2025,11,62.12,66.92,984.25,8.55
2025-05-20,2025,13,62.85,63.75,989.33,7.12
2025-05-21,2025,13,63.36,65.18,986.98,9.52
2025-05-22,2025,7,59.76,76.86,976.76,8.06
2025-05-23,2025,14,61.93,65.84,990.03,6.62
2025-05-24,2025,15,65.41,58.89,993.87,6.63
2025-05-25,2025,14,69.11,51.58,994.54,6.66
2025-05-26,2025,12,69.58,56.46,1003.41,5.71
2025-05-27,2025,15,66.95,66.27,1005.77,5.99
2025-05-28,2025,14,67.8,70.06,1002.66,5.69
2025-05-29,2025,5,65.3,78.42,1013.44,6.04
2025-05-30,2025,15,71.44,65.83,994.84,5.85
2025-05-31,2025,15,71.39,54.6,993.95,8.06
2025-06-01,2025,15,72.05,51.4,998.29,7.56
2025-06-02,2025,6,67.73,66.12,1004.62,6.53
2025-06-03,2025,14,71.89,63.62,1005.11,7.32
2025-06-04,2025,13,72.62,70.32,1006.45,6.96
2025-06-05,2025,12,73.23,70.32,1002.67,5.72
2025-06-06,2025,14,67.19,78.54,987.11,4.72
2025-06-07,2025,14,70.42,69.16,984.87,6.81
2025-06-08,2025,14,72.21,65.99,983.0,8.39
2025-06-09,2025,9,70.0,69.07,994.2,5.73
2025-06-10,2025,15,73.67,62.23,988.01,5.49
2025-06-11,2025,15,78.89,53.53,990.81,6.23
2025-06-12,2025,8,75.85,55.61,980.32,6.86
2025-06-13,2025,15,72.16,70.28,1000.82,5.81
2025-06-14,2025,15,75.52,63.98,1001.16,5.76
2025-06-15,2025,15,76.93,59.51,1002.69,5.91
2025-06-16,2025,6,73.53,68.0,1012.32,5.63
2025-06-17,2025,14,75.76,69.93,999.91,6.64
2025-06-18,2025,11,75.79,72.95,1003.52,6.57
2025-06-19,2025,15,76.58,68.77,997.15,7.81
2025-06-20,2025,14,75.11,65.65,991.09,7.02
2025-06-21,2025,14,81.69,53.09,991.11,8.78
2025-06-22,2025,14,85.71,49.72,992.94,9.93
2025-06-23,2025,9,81.43,58.4,1004.18,5.33
2025-06-24,2025,15,79.0,65.41,993.99,4.77
2025-06-25,2025,15,76.87,70.33,992.03,5.93
2025-06-26,2025,9,79.98,59.41,982.4,6.83
2025-06-27,2025,15,78.02,69.16,998.03,6.65
2025-06-28,2025,15,83.03,61.98,996.77,6.31
2025-06-29,2025,15,87.56,52.38,996.18,6.43
2025-06-30,2025,8,82.26,64.32,999.72,6.48
2025-07-01,2025,12,79.5,64.35,983.58,5.31
2025-07-02,2025,18,79.36,65.76,992.86,5.32
2025-07-03,2025,10,79.4,54.01,984.12,5.4
2025-07-04,2025,14,81.66,48.61,991.13,5.19
2025-07-05,2025,14,83.29,48.21,991.06,6.44
2025-07-06,2025,14,85.31,46.61,989.72,7.96
2025-07-07,2025,10,72.17,78.09,1003.39,5.62
2025-07-08,2025,14,75.59,76.13,1003.89,4.81
2025-07-09,2025,13,75.36,73.15,1001.95,5.02
2025-07-10,2025,9,75.61,75.04,1004.78,3.78
2025-07-11,2025,15,74.91,78.99,1000.16,5.39
2025-07-12,2025,14,79.45,65.2,1001.5,7.43
2025-07-13,2025,14,80.22,61.04,1003.28,5.71
2025-07-18,2025,15,78.94,60.42,992.79,4.42
2025-07-19,2025,15,81.89,61.17,990.53,5.05
2025-07-20,2025,15,85.04,51.83,988.95,7.13
2025-07-21,2025,15,79.97,54.95,989.94,5.87
2025-07-22,2025,15,77.37,62.55,991.97,5.81
2025-07-23,2025,15,83.27,53.03,993.71,5.75
2025-07-24,2025,5,85.38,59.36,1001.42,5.92
2025-07-25,2025,14,78.4,73.81,1001.51,5.56
2025-07-26,2025,16,78.59,75.22,999.62,5.41
2025-07-27,2025,15,84.29,63.87,1001.75,6.55
2025-07-28,2025,14,79.51,73.16,1003.19,4.61
2025-07-29,2025,15,78.89,67.32,1003.66,4.81
2025-07-30,2025,14,80.19,65.6,1002.34,6.22
2025-07-31,2025,3,76.23,67.23,1009.7,6.73
2025-08-01,2025,14,73.15,63.07,1003.96,5.52
2025-08-02,2025,14,76.29,52.48,1002.65,5.62
2025-08-03,2025,13,80.79,45.25,1000.16,5.59
2025-08-04,2025,13,79.75,55.93,989.35,4.9
2025-08-05,2025,15,78.83,58.61,996.31,5.01
2025-08-06,2025,15,84.22,49.72,997.56,6.15
2025-08-07,2025,4,75.4,59.08,1006.1,6.28
2025-08-08,2025,15,78.87,62.23,998.37,6.35
2025-08-09,2025,16,79.84,57.88,997.21,6.69
2025-08-10,2025,15,85.65,47.72,999.98,6.91
2025-08-11,2025,10,78.98,66.2,1001.07,5.27
2025-08-12,2025,14,77.32,78.31,1000.89,4.55
2025-08-13,2025,14,78.23,71.91,1000.43,5.24
2025-08-14,2025,7,79.67,65.71,981.29,4.84
2025-08-15,2025,14,78.19,68.81,993.01,5.18
2025-08-16,2025,14,81.23,62.46,991.57,5.18
2025-08-17,2025,14,83.4,58.02,990.34,7.51
2025-08-18,2025,12,77.18,60.88,986.03,5.14
2025-08-19,2025,16,77.86,68.36,990.44,5.2
2025-08-20,2025,14,80.51,63.77,986.52,5.81
2025-08-21,2025,9,78.56,59.78,986.33,6.5
2025-08-22,2025,15,77.82,63.63,1001.01,4.35
2025-08-23,2025,14,78.79,56.89,998.78,6.32
2025-08-24,2025,15,82.77,49.93,999.14,7.61
2025-08-25,2025,12,74.12,49.23,1003.62,6.42
2025-08-26,2025,14,71.39,60.83,1007.88,5.15
2025-08-27,2025,14,74.39,52.84,1008.21,6.56
2025-08-28,2025,8,75.01,54.06,1009.76,7.29
2025-08-29,2025,14,68.81,62.44,992.73,5.28
2025-08-30,2025,14,72.86,48.54,994.0,5.49
2025-08-31,2025,14,77.16,43.78,996.96,6.26
2025-09-01,2025,13,79.86,46.54,992.21,6.02
2025-09-02,2025,14,75.56,56.84,987.63,4.81
2025-09-03,2025,15,75.78,53.63,983.41,6.18
2025-09-04,2025,6,70.25,66.65,987.47,7.23
2025-09-05,2025,15,73.8,64.09,985.56,5.9
2025-09-06,2025,15,73.39,61.95,988.3,5.1
2025-09-07,2025,15,76.96,45.89,991.47,4.97
2025-09-08,2025,10,69.73,71.06,1006.22,4.95
2025-09-09,2025,14,69.38,69.48,1007.04,5.01
2025-09-10,2025,14,71.94,65.94,1006.55,4.46
2025-09-11,2025,9,71.42,66.0,1012.5,3.89
2025-09-12,2025,14,69.39,73.18,1007.77,4.98
2025-09-13,2025,14,71.91,69.07,1004.31,5.94
2025-09-14,2025,14,76.49,61.49,1005.01,5.88
2025-09-15,2025,9,79.54,55.23,999.38,5.18
2025-09-16,2025,16,73.82,60.88,992.54,5.49
2025-09-17,2025,15,75.31,63.83,989.05,3.77
2025-09-18,2025,10,76.67,61.09,986.08,3.3
2025-09-19,2025,15,76.49,60.73,987.53,4.09
2025-09-20,2025,16,73.76,66.05,987.58,5.54
2025-09-21,2025,15,79.03,58.61,986.6,5.65
2025-09-22,2025,3,70.4,74.33,998.8,5.2
2025-09-23,2025,14,74.63,71.95,1000.68,4.36
2025-09-24,2025,14,72.73,77.24,1001.94,4.81
2025-09-25,2025,11,73.44,73.98,998.6,6.0
2025-09-26,2025,14,69.69,78.37,1002.93,3.9
2025-09-27,2025,14,72.23,71.29,1003.59,5.63
2025-09-28,2025,14,75.38,62.13,1007.78,6.01
