Rk.,Team,Venue,Year,Park Factor,wOBACon,xwOBACon,BACON,xBACON,HardHit,R,OBP,H,1B,2B,3B,HR,BB,SO,PA
1,Rockies,Coors Field,1999,122,122,,117,,,149,116,124,118,115,165,164,102,80,18674
2,Guardians,Progressive Field,1999,105,108,,106,,,110,104,104,103,101,96,115,110,109,18768
3,Cubs,Wrigley Field,1999,105,107,,105,,,110,102,106,104,102,111,126,93,99,17904
4,Rangers,Globe Life Park in Arlington,1999,103,103,,103,,,106,102,107,108,101,139,106,94,92,18216
5,Brewers,Milwaukee County Stadium,1999,102,99,,100,,,104,103,104,109,91,79,103,101,85,17976
6,Red Sox,Fenway Park,1999,102,103,,105,,,104,103,104,105,113,97,82,95,102,18888
7,Royals,Kauffman Stadium,1999,102,99,,101,,,104,103,106,112,87,163,91,97,85,18059
8,Blue Jays,Rogers Centre,1999,101,102,,101,,,102,101,102,97,125,53,99,96,101,18207
9,Expos,Olympic Stadium,1999,101,101,,101,,,102,100,103,99,125,123,86,90,93,17492
10,Rays,Tropicana Field,1999,101,102,,103,,,102,102,100,102,100,115,87,105,107,18066
11,Phillies,Veterans Stadium,1999,101,102,,100,,,102,101,98,94,108,114,101,116,109,17929
12,Orioles,Oriole Park at Camden Yards,1999,101,99,,99,,,102,102,99,105,81,79,105,106,94,18226
13,Tigers,Tiger Stadium,1999,100,101,,96,,,100,97,97,91,90,140,130,98,103,17555
14,Twins,Hubert H. Humphrey Metrodome,1999,99,100,,100,,,98,98,102,98,124,116,86,91,100,17662
15,Pirates,Three Rivers Stadium,1999,99,102,,101,,,98,100,97,94,106,105,97,102,111,17421
16,Cardinals,Busch Stadium I,1999,99,98,,98,,,98,100,98,100,91,61,104,107,97,18012
17,Reds,Cinergy Field,1999,99,98,,95,,,98,96,95,88,107,78,116,102,99,17815
18,D-backs,Chase Field,1999,98,98,,97,,,96,96,99,95,99,188,100,90,99,18061
19,White Sox,Rate Field,1999,98,97,,98,,,96,98,101,104,93,82,99,91,90,17806
20,Athletics,Oakland Coliseum,1999,98,97,,97,,,96,99,95,94,103,81,94,105,98,18336
21,Angels,Angel Stadium,1999,97,96,,95,,,94,97,96,96,94,81,100,102,97,17680
22,Dodgers,Dodger Stadium,1999,97,96,,96,,,94,98,98,102,83,50,107,96,93,17652
23,Marlins,Sun Life Stadium,1999,96,94,,97,,,92,98,96,99,96,149,70,102,99,17757
24,Padres,Qualcomm Stadium,1999,96,98,,99,,,92,97,97,102,87,93,90,100,109,17218
25,Mets,Shea Stadium,1999,96,96,,97,,,92,98,95,97,93,87,90,104,106,19090
26,Astros,Astrodome,1999,95,99,,102,,,90,98,95,97,105,118,66,102,120,18108
27,Giants,3Com Park at Candlestick Point,1999,95,96,,96,,,90,96,93,95,87,57,101,103,111,17846
28,Braves,Turner Field,1999,94,94,,96,,,88,94,96,99,95,62,89,85,102,18768
29,Yankees,Yankee Stadium I,1999,94,93,,95,,,88,96,92,95,90,78,83,105,107,18967
30,Mariners,T-Mobile Park,1999,92,92,,92,,,85,93,90,92,84,67,93,105,113,10278
1,Rockies,Coors Field,2000,119,120,,118,,,142,115,123,120,119,161,142,95,83,18797
2,Astros,Daikin Park,2000,108,110,,105,,,117,104,106,96,112,173,136,100,102,18185
3,Rangers,Globe Life Park in Arlington,2000,106,104,,103,,,112,105,104,100,115,100,111,106,86,18559
4,Reds,Cinergy Field,2000,104,102,,101,,,108,102,104,101,112,112,108,102,89,18162
5,Royals,Kauffman Stadium,2000,104,103,,104,,,108,103,110,113,103,108,102,90,84,18362
6,Angels,Angel Stadium,2000,104,103,,101,,,108,103,103,103,97,56,122,104,91,18147
7,Cardinals,Busch Stadium I,2000,103,104,,101,,,106,102,97,92,98,89,121,116,109,18621
8,White Sox,Rate Field,2000,103,103,,100,,,106,102,100,97,97,124,122,104,97,18391
9,Blue Jays,Rogers Centre,2000,102,103,,101,,,104,100,102,96,118,67,114,93,97,18287
10,Guardians,Progressive Field,2000,102,103,,103,,,104,102,102,103,97,108,107,103,103,18940
11,Twins,Hubert H. Humphrey Metrodome,2000,101,103,,105,,,102,101,105,106,111,159,84,89,104,17986
12,Expos,Olympic Stadium,2000,100,101,,101,,,100,98,102,101,106,106,104,85,99,17509
13,Yankees,Yankee Stadium I,2000,100,100,,99,,,100,100,99,99,99,62,110,100,101,19868
14,Phillies,Veterans Stadium,2000,100,102,,101,,,100,100,97,87,134,148,85,114,114,18426
15,Pirates,Three Rivers Stadium,2000,100,100,,100,,,100,100,97,93,109,115,96,102,104,18172
16,Braves,Turner Field,2000,100,100,,103,,,100,101,103,108,93,69,92,93,97,17918
17,D-backs,Chase Field,2000,99,100,,101,,,98,99,103,105,99,142,93,85,98,17744
18,Rays,Tropicana Field,2000,98,98,,97,,,96,98,98,96,100,111,101,96,98,17879
19,Orioles,Oriole Park at Camden Yards,2000,98,97,,97,,,96,100,96,101,78,73,105,111,98,18198
20,Red Sox,Fenway Park,2000,98,100,,103,,,96,99,102,107,101,125,75,87,106,18002
21,Marlins,Sun Life Stadium,2000,97,98,,99,,,94,99,97,100,94,111,83,103,109,17711
22,Tigers,Comerica Park,2000,97,96,,99,,,94,99,104,109,108,132,69,89,89,17841
23,Athletics,Oakland Coliseum,2000,97,97,,97,,,94,97,95,96,90,81,99,103,106,18638
24,Giants,Oracle Park,2000,97,95,,96,,,94,97,99,101,96,108,90,99,95,17908
25,Brewers,Milwaukee County Stadium,2000,95,91,,94,,,90,98,92,96,90,84,78,110,94,18167
26,Cubs,Wrigley Field,2000,95,95,,95,,,90,97,95,100,81,54,98,102,106,17864
27,Dodgers,Dodger Stadium,2000,94,94,,93,,,88,95,91,92,81,63,101,101,108,17621
28,Mets,Shea Stadium,2000,94,94,,96,,,88,95,94,96,94,55,85,100,109,19006
29,Padres,Qualcomm Stadium,2000,93,94,,96,,,86,94,93,98,86,72,87,91,111,18006
30,Mariners,T-Mobile Park,2000,92,90,,91,,,85,95,87,89,85,49,83,119,113,18829
1,Rockies,Coors Field,2001,118,119,,115,,,139,114,120,113,124,178,141,101,87,18458
2,Rangers,Globe Life Park in Arlington,2001,107,106,,104,,,114,105,106,102,111,151,113,102,92,18581
3,Astros,Daikin Park,2001,104,107,,105,,,108,103,103,99,100,118,119,99,107,18219
4,Royals,Kauffman Stadium,2001,104,102,,104,,,108,104,108,112,94,125,100,93,86,18078
5,Guardians,Progressive Field,2001,103,106,,104,,,106,103,103,101,106,63,117,107,108,18209
6,Expos,Olympic Stadium,2001,103,103,,102,,,106,102,104,99,123,60,105,97,97,17314
7,D-backs,Chase Field,2001,103,105,,103,,,106,100,104,103,96,103,122,90,103,19042
8,Blue Jays,Rogers Centre,2001,103,103,,103,,,106,103,103,100,116,96,97,102,99,17908
9,Reds,Cinergy Field,2001,102,101,,102,,,104,102,104,103,115,44,100,96,92,17888
10,Tigers,Comerica Park,2001,102,98,,100,,,104,104,103,107,95,238,71,105,82,17630
11,White Sox,Rate Field,2001,101,100,,98,,,102,101,98,97,94,69,122,107,95,17532
12,Brewers,American Family Field,2001,101,103,,101,,,102,99,98,94,95,94,123,104,109,17210
13,Rays,Tropicana Field,2001,101,102,,102,,,102,101,102,99,119,132,88,94,102,17913
14,Cardinals,Busch Stadium I,2001,100,100,,100,,,100,101,99,101,89,102,105,105,100,17697
15,Yankees,Yankee Stadium I,2001,100,100,,98,,,100,99,97,96,91,61,123,101,101,19268
16,Angels,Angel Stadium,2001,100,99,,100,,,100,101,103,106,98,59,98,95,91,17551
17,Red Sox,Fenway Park,2001,100,103,,103,,,100,100,100,99,108,100,96,99,111,17726
18,Twins,Hubert H. Humphrey Metrodome,2001,100,102,,103,,,100,99,103,101,115,116,93,89,107,17526
19,Marlins,Sun Life Stadium,2001,99,101,,100,,,98,100,96,95,97,166,92,108,111,17056
20,Braves,Turner Field,2001,98,98,,100,,,96,98,101,108,85,63,97,88,97,18012
21,Cubs,Wrigley Field,2001,97,99,,100,,,94,99,96,98,91,72,94,109,112,17240
22,Pirates,PNC Park,2001,97,94,,96,,,94,98,98,101,105,73,82,91,88,17410
23,Phillies,Veterans Stadium,2001,96,95,,95,,,92,96,95,91,108,107,92,103,102,17403
24,Giants,Oracle Park,2001,95,93,,95,,,90,97,96,96,104,164,72,105,96,17658
25,Padres,Qualcomm Stadium,2001,95,95,,96,,,90,96,91,93,81,100,91,108,111,17737
26,Dodgers,Dodger Stadium,2001,95,94,,95,,,90,96,94,96,88,71,97,104,104,17368
27,Orioles,Oriole Park at Camden Yards,2001,95,92,,93,,,90,97,94,99,83,89,86,104,93,17476
28,Mets,Shea Stadium,2001,94,94,,95,,,88,95,93,96,88,95,88,97,107,17311
29,Athletics,Oakland Coliseum,2001,94,94,,94,,,88,95,93,95,89,62,95,101,104,18136
30,Mariners,T-Mobile Park,2001,91,91,,93,,,83,93,93,98,90,58,80,99,103,18373
1,Rockies,Coors Field,2002,116,116,,113,,,135,112,118,111,117,181,143,99,87,18071
2,Rangers,Globe Life Park in Arlington,2002,110,111,,107,,,121,108,107,99,112,112,136,110,97,18389
3,Royals,Kauffman Stadium,2002,108,104,,102,,,117,106,108,105,111,122,123,102,76,17857
4,Reds,Cinergy Field,2002,107,107,,104,,,114,104,105,98,125,47,125,103,98,17784
5,D-backs,Chase Field,2002,104,105,,105,,,108,104,103,102,105,171,98,106,103,17800
6,Astros,Daikin Park,2002,103,104,,106,,,106,103,107,111,106,84,96,93,102,17408
7,Expos,Olympic Stadium,2002,103,104,,103,,,106,101,104,100,121,103,104,89,98,17621
8,Blue Jays,Rogers Centre,2002,103,104,,102,,,106,102,101,96,113,96,111,103,101,17726
9,White Sox,Rate Field,2002,102,101,,98,,,104,101,99,97,94,62,127,110,93,17351
10,Athletics,Oakland Coliseum,2002,101,102,,101,,,102,100,100,99,98,91,107,103,104,18362
11,Pirates,PNC Park,2002,100,98,,99,,,100,101,100,102,103,79,93,100,90,16842
12,Braves,Turner Field,2002,99,98,,98,,,98,99,98,98,98,92,98,99,96,17514
13,Rays,Tropicana Field,2002,99,99,,101,,,98,100,100,102,101,118,86,97,100,17925
14,Yankees,Yankee Stadium I,2002,99,102,,102,,,98,98,99,100,93,65,111,91,113,18003
15,Brewers,American Family Field,2002,99,98,,97,,,98,98,97,94,106,105,100,102,102,17174
16,Guardians,Progressive Field,2002,99,100,,101,,,98,100,97,98,97,60,95,105,110,17706
17,Marlins,Sun Life Stadium,2002,99,100,,101,,,98,102,98,99,103,147,74,117,109,17776
18,Orioles,Oriole Park at Camden Yards,2002,98,96,,94,,,96,97,96,98,83,54,122,99,93,17343
19,Cubs,Wrigley Field,2002,98,103,,99,,,96,96,92,88,90,72,125,107,122,17206
20,Twins,Hubert H. Humphrey Metrodome,2002,98,99,,99,,,96,98,100,97,113,146,82,95,105,18304
21,Red Sox,Fenway Park,2002,98,100,,102,,,96,99,101,100,119,69,81,92,106,17521
22,Cardinals,Busch Stadium I,2002,97,95,,95,,,94,98,96,97,101,39,99,101,95,18057
23,Angels,Angel Stadium,2002,96,94,,96,,,92,97,100,103,98,85,83,92,93,19332
24,Mariners,T-Mobile Park,2002,96,96,,99,,,92,98,96,103,85,90,80,108,107,17477
25,Padres,Qualcomm Stadium,2002,96,97,,100,,,92,98,99,107,84,115,80,98,102,17490
26,Tigers,Comerica Park,2002,95,93,,96,,,90,96,101,109,82,217,71,82,88,17264
27,Mets,Shea Stadium,2002,95,95,,96,,,90,95,96,100,82,81,102,93,101,17432
28,Giants,Oracle Park,2002,95,93,,96,,,90,98,98,104,93,160,67,97,91,18786
29,Phillies,Veterans Stadium,2002,94,95,,93,,,88,95,89,86,92,106,97,109,113,17332
30,Dodgers,Dodger Stadium,2002,93,93,,93,,,86,94,93,97,79,51,101,97,103,16975
1,Rockies,Coors Field,2003,113,112,,109,,,128,110,113,106,114,187,132,102,87,17950
2,Rangers,Globe Life Park in Arlington,2003,110,113,,109,,,121,106,110,104,113,143,133,98,101,18281
3,Blue Jays,Rogers Centre,2003,106,107,,106,,,112,104,105,99,120,103,110,101,102,18105
4,Royals,Kauffman Stadium,2003,106,102,,102,,,112,106,106,107,106,100,101,107,79,17817
5,Red Sox,Fenway Park,2003,105,104,,104,,,110,105,106,104,119,133,94,101,90,19526
6,Expos,Olympic Stadium,2003,104,104,,103,,,108,101,106,99,130,113,107,85,94,13610
7,Brewers,American Family Field,2003,103,104,,100,,,106,100,99,94,95,102,131,104,103,17892
8,D-backs,Chase Field,2003,103,105,,103,,,106,101,103,97,116,153,104,101,104,17437
9,Reds,Great American Ball Park,2003,102,104,,102,,,104,100,101,97,105,36,126,96,102,17909
10,Pirates,PNC Park,2003,101,100,,102,,,102,102,105,109,104,97,88,92,89,18042
11,Braves,Turner Field,2003,101,98,,100,,,102,102,100,104,90,92,99,107,90,17953
12,Twins,Hubert H. Humphrey Metrodome,2003,101,103,,103,,,102,100,104,104,106,123,97,92,109,18236
13,White Sox,Rate Field,2003,100,100,,97,,,100,97,96,90,98,77,131,100,104,17278
14,Cardinals,Busch Stadium I,2003,100,98,,99,,,100,100,102,102,112,70,95,94,89,17779
15,Astros,Daikin Park,2003,100,99,,98,,,100,99,99,97,93,167,107,103,97,17361
16,Cubs,Wrigley Field,2003,99,103,,103,,,98,101,96,96,96,83,97,113,119,18949
17,Giants,Oracle Park,2003,99,98,,100,,,98,100,101,106,94,138,83,99,95,17845
18,Mets,Shea Stadium,2003,98,98,,100,,,96,100,100,102,110,66,81,99,97,17023
19,Rays,Tropicana Field,2003,98,97,,98,,,96,101,97,98,101,112,81,104,98,17814
20,Phillies,Veterans Stadium,2003,98,99,,99,,,96,99,94,92,107,91,87,116,115,17531
21,Padres,Qualcomm Stadium,2003,98,98,,99,,,96,100,98,103,84,109,88,105,104,17781
22,Yankees,Yankee Stadium I,2003,98,99,,100,,,96,98,98,101,91,54,99,97,106,20019
23,Orioles,Oriole Park at Camden Yards,2003,98,97,,97,,,96,99,100,103,96,57,99,98,93,17937
24,Angels,Angel Stadium,2003,96,95,,97,,,92,97,100,104,98,84,85,90,95,17370
25,Tigers,Comerica Park,2003,95,94,,95,,,90,95,95,100,79,132,92,94,96,17392
26,Mariners,T-Mobile Park,2003,95,94,,95,,,90,97,94,101,71,104,94,109,102,17288
27,Marlins,Sun Life Stadium,2003,94,94,,96,,,88,97,95,100,86,173,71,103,108,19073
28,Guardians,Progressive Field,2003,94,94,,96,,,88,96,93,95,98,66,78,101,111,17328
29,Athletics,Oakland Coliseum,2003,94,93,,92,,,88,94,92,90,100,57,95,97,100,17791
30,Dodgers,Dodger Stadium,2003,90,93,,93,,,81,90,90,93,81,43,100,87,117,16387
1,Rockies,Coors Field,2004,117,115,,114,,,137,115,116,112,126,153,118,118,86,18171
2,Red Sox,Fenway Park,2004,106,109,,109,,,112,106,106,101,132,70,96,103,109,19801
3,Giants,Oracle Park,2004,106,104,,105,,,112,106,107,107,111,176,90,102,90,17709
4,White Sox,Rate Field,2004,106,107,,103,,,112,102,104,100,92,79,146,99,99,18479
5,Rangers,Globe Life Park in Arlington,2004,105,105,,104,,,110,103,105,103,106,153,111,97,94,17787
6,Blue Jays,Rogers Centre,2004,103,102,,102,,,106,104,101,101,102,118,95,111,99,17704
7,D-backs,Chase Field,2004,103,103,,101,,,106,101,102,97,106,138,112,100,99,17426
8,Cubs,Wrigley Field,2004,103,104,,101,,,106,101,100,96,95,92,131,100,101,17621
9,Phillies,Citizens Bank Park,2004,102,103,,100,,,104,100,100,97,93,117,125,99,100,17871
10,Orioles,Oriole Park at Camden Yards,2004,101,98,,100,,,102,102,101,105,97,66,93,101,90,18026
11,Expos,Olympic Stadium,2004,100,98,,97,,,100,100,98,92,118,101,101,105,92,13724
12,Astros,Daikin Park,2004,100,102,,101,,,100,100,99,98,90,142,108,102,107,18363
13,Braves,Turner Field,2004,100,102,,102,,,100,100,100,102,90,76,106,102,108,18108
14,Athletics,Oakland Coliseum,2004,99,97,,97,,,98,100,98,97,102,54,101,107,96,17827
15,Yankees,Yankee Stadium I,2004,99,100,,99,,,98,98,98,99,90,57,114,96,104,19058
16,Cardinals,Busch Stadium I,2004,99,99,,100,,,98,99,102,101,107,94,94,99,99,18824
17,Guardians,Progressive Field,2004,99,99,,100,,,98,102,97,96,116,75,80,114,103,18046
18,Pirates,PNC Park,2004,98,96,,98,,,96,99,101,104,104,100,79,91,93,17078
19,Reds,Great American Ball Park,2004,98,98,,95,,,96,96,94,88,99,61,120,100,105,17576
20,Tigers,Comerica Park,2004,98,98,,99,,,96,98,101,104,84,216,93,97,98,17375
21,Mets,Shea Stadium,2004,98,97,,101,,,96,100,100,106,96,45,83,99,98,17667
22,Angels,Angel Stadium,2004,98,98,,100,,,96,98,102,109,86,68,96,87,100,18032
23,Royals,Kauffman Stadium,2004,97,95,,97,,,94,98,100,103,100,136,75,94,94,17443
24,Brewers,American Family Field,2004,97,100,,100,,,94,97,96,91,115,112,86,103,114,17380
25,Marlins,Sun Life Stadium,2004,97,98,,98,,,94,98,97,98,95,112,90,102,107,16915
26,Twins,Hubert H. Humphrey Metrodome,2004,96,98,,100,,,92,97,101,107,92,66,90,86,107,18134
27,Dodgers,Dodger Stadium,2004,95,95,,96,,,90,95,96,103,72,63,108,89,105,17722
28,Mariners,T-Mobile Park,2004,95,96,,95,,,90,96,92,90,101,46,98,106,109,18186
29,Rays,Tropicana Field,2004,95,93,,92,,,90,95,93,92,92,127,95,99,96,17078
30,Padres,Petco Park,2004,94,93,,95,,,88,96,96,99,98,143,73,95,98,17303
1,Rockies,Coors Field,2005,110,110,,112,,,121,111,114,118,109,126,100,100,90,18343
2,Reds,Great American Ball Park,2005,108,110,,106,,,117,104,106,97,122,56,139,99,101,17963
3,Rangers,Globe Life Park in Arlington,2005,107,108,,104,,,114,103,106,100,108,135,134,98,95,18103
4,Phillies,Citizens Bank Park,2005,106,107,,105,,,112,103,106,102,106,134,127,95,97,17430
5,Yankees,Yankee Stadium I,2005,105,106,,107,,,110,105,105,109,89,99,114,98,102,18542
6,D-backs,Chase Field,2005,104,103,,101,,,108,102,103,98,106,128,114,107,96,17825
7,Red Sox,Fenway Park,2005,104,104,,103,,,108,103,101,91,135,94,96,109,102,18264
8,Braves,Turner Field,2005,103,103,,104,,,106,103,105,105,107,119,94,101,96,17724
9,Cardinals,Busch Stadium I,2005,102,100,,101,,,104,101,102,104,98,65,106,94,91,18089
10,Pirates,PNC Park,2005,101,101,,102,,,102,102,102,102,108,132,84,99,98,17458
11,Tigers,Comerica Park,2005,101,102,,102,,,102,101,103,107,86,189,97,93,98,17429
12,Rays,Tropicana Field,2005,100,101,,102,,,100,101,101,104,93,152,90,101,103,17520
13,Royals,Kauffman Stadium,2005,100,98,,100,,,100,103,102,103,115,107,73,104,91,17658
14,Cubs,Wrigley Field,2005,100,101,,99,,,100,98,100,97,102,84,115,94,102,17317
15,Blue Jays,Rogers Centre,2005,100,102,,101,,,100,99,102,101,100,106,109,87,101,17579
16,White Sox,Rate Field,2005,100,101,,97,,,100,97,98,95,91,76,133,97,102,18331
17,Brewers,American Family Field,2005,99,100,,98,,,98,98,94,90,97,92,113,112,113,16912
18,Athletics,Oakland Coliseum,2005,98,95,,96,,,96,99,98,98,107,68,87,102,90,17599
19,Mets,Shea Stadium,2005,98,98,,100,,,96,99,99,102,93,69,95,99,99,17047
20,Dodgers,Dodger Stadium,2005,97,97,,96,,,94,97,94,92,98,49,107,104,108,16932
21,Marlins,Sun Life Stadium,2005,97,98,,100,,,94,101,97,102,91,132,73,114,110,17114
22,Giants,Oracle Park,2005,97,95,,96,,,94,98,98,101,95,118,87,99,89,17199
23,Orioles,Oriole Park at Camden Yards,2005,97,94,,95,,,94,99,95,98,84,68,100,118,95,17565
24,Astros,Daikin Park,2005,97,98,,98,,,94,97,97,99,83,93,110,95,104,18375
25,Mariners,T-Mobile Park,2005,96,96,,98,,,92,98,98,104,93,65,80,98,103,17620
26,Guardians,Progressive Field,2005,96,97,,97,,,92,97,95,94,107,39,95,101,106,17090
27,Twins,Hubert H. Humphrey Metrodome,2005,95,97,,98,,,90,95,99,102,93,91,91,83,106,17081
28,Angels,Angel Stadium,2005,95,95,,95,,,90,95,96,96,99,101,87,96,101,18287
29,Padres,Petco Park,2005,93,93,,94,,,86,95,94,97,89,151,73,104,106,17927
30,Nationals,Robert F. Kennedy Memorial Stadium,2005,92,91,,92,,,85,94,91,92,96,91,73,97,105,17183
1,Rockies,Coors Field,2006,108,107,,107,,,117,108,109,111,104,152,101,107,89,17847
2,Royals,Kauffman Stadium,2006,106,104,,104,,,112,108,105,103,118,115,91,115,90,18284
3,D-backs,Chase Field,2006,106,105,,104,,,112,104,106,102,110,142,112,102,93,17925
4,Dodgers,Dodger Stadium,2006,105,105,,106,,,110,106,104,107,102,68,101,112,97,18484
5,Reds,Great American Ball Park,2006,105,107,,104,,,110,103,103,101,98,31,135,102,105,18085
6,Phillies,Citizens Bank Park,2006,104,107,,104,,,108,102,103,99,103,84,125,96,104,18066
7,Cubs,Wrigley Field,2006,103,105,,103,,,106,101,100,95,98,149,118,100,107,17545
8,White Sox,Rate Field,2006,103,102,,100,,,106,100,100,98,90,66,134,100,98,17710
9,Braves,Turner Field,2006,102,105,,106,,,104,102,105,109,102,74,102,94,104,17593
10,Orioles,Oriole Park at Camden Yards,2006,102,100,,100,,,104,102,103,107,85,62,118,98,89,17646
11,Blue Jays,Rogers Centre,2006,102,103,,100,,,104,100,102,97,103,137,122,93,98,17662
12,Rangers,Globe Life Park in Arlington,2006,102,102,,102,,,104,102,102,100,115,73,99,102,98,18155
13,Red Sox,Fenway Park,2006,101,101,,102,,,102,101,102,98,130,80,81,104,102,17988
14,Rays,Tropicana Field,2006,100,100,,98,,,100,100,96,92,95,142,111,110,103,17821
15,Guardians,Progressive Field,2006,100,101,,102,,,100,101,101,101,107,74,92,104,103,17767
16,Astros,Daikin Park,2006,100,100,,98,,,100,98,98,94,100,110,114,97,104,17345
17,Pirates,PNC Park,2006,100,100,,103,,,100,103,107,113,110,85,73,94,96,17835
18,Yankees,Yankee Stadium I,2006,99,98,,98,,,98,99,98,97,98,51,110,100,97,18338
19,Marlins,Sun Life Stadium,2006,99,99,,99,,,98,100,96,95,95,160,89,115,111,17190
20,Brewers,American Family Field,2006,99,102,,100,,,98,99,95,90,106,114,100,106,113,17377
21,Athletics,Oakland Coliseum,2006,97,95,,96,,,94,98,98,99,99,89,90,100,93,18276
22,Cardinals,Busch Stadium,2006,97,95,,96,,,94,98,97,101,90,83,96,103,91,19212
23,Tigers,Comerica Park,2006,96,96,,97,,,92,97,98,102,87,143,86,92,98,18735
24,Giants,Oracle Park,2006,96,94,,95,,,92,98,97,98,103,128,73,103,92,17320
25,Angels,Angel Stadium,2006,96,97,,100,,,92,98,100,105,98,81,78,92,104,17442
26,Nationals,Robert F. Kennedy Memorial Stadium,2006,95,93,,94,,,90,96,96,99,94,106,86,91,95,17742
27,Mariners,T-Mobile Park,2006,95,96,,96,,,90,96,95,95,94,104,94,100,107,17547
28,Twins,Hubert H. Humphrey Metrodome,2006,95,98,,100,,,90,95,102,107,93,132,86,75,106,17590
29,Mets,Shea Stadium,2006,94,94,,93,,,88,95,92,90,99,71,93,98,104,18923
30,Padres,Petco Park,2006,92,92,,92,,,85,92,92,94,79,106,96,98,110,17798
1,Rockies,Coors Field,2007,108,107,,105,,,117,105,109,104,115,150,118,97,87,19019
2,Phillies,Citizens Bank Park,2007,106,108,,104,,,112,103,103,97,101,101,144,97,102,18229
3,Marlins,Sun Life Stadium,2007,105,108,,107,,,110,105,101,98,109,128,103,110,115,18081
4,Yankees,Yankee Stadium I,2007,104,103,,103,,,108,104,103,105,96,61,111,106,97,18691
5,Red Sox,Fenway Park,2007,104,105,,105,,,108,105,105,102,127,87,88,104,99,19405
6,Tigers,Comerica Park,2007,104,103,,101,,,108,102,102,99,100,191,113,102,95,17999
7,Cubs,Wrigley Field,2007,103,105,,104,,,106,103,101,98,112,85,100,107,108,17978
8,D-backs,Chase Field,2007,103,101,,99,,,106,101,99,94,102,189,110,108,96,18167
9,Reds,Great American Ball Park,2007,102,103,,99,,,104,99,99,92,103,73,137,98,100,17810
10,Orioles,Oriole Park at Camden Yards,2007,102,100,,101,,,104,103,104,108,94,92,105,104,87,18013
11,White Sox,Rate Field,2007,101,102,,100,,,102,100,100,100,90,52,127,98,99,17440
12,Royals,Kauffman Stadium,2007,101,100,,100,,,102,101,103,98,129,129,82,95,94,17548
13,Angels,Angel Stadium,2007,101,101,,103,,,102,102,104,106,117,73,80,98,96,17715
14,Guardians,Progressive Field,2007,101,104,,105,,,102,102,102,105,92,64,107,99,110,18150
15,Mariners,T-Mobile Park,2007,100,100,,101,,,100,101,102,107,96,55,96,93,99,17661
16,Brewers,American Family Field,2007,100,102,,100,,,100,99,96,91,104,63,119,106,110,18272
17,Rangers,Globe Life Park in Arlington,2007,100,102,,101,,,100,100,100,100,95,132,100,104,106,17907
18,Rays,Tropicana Field,2007,100,102,,101,,,100,99,99,98,95,116,109,96,110,17435
19,Dodgers,Dodger Stadium,2007,100,100,,103,,,100,102,103,111,87,61,92,103,101,17578
20,Pirates,PNC Park,2007,99,98,,100,,,98,100,104,106,112,63,82,88,96,17457
21,Cardinals,Busch Stadium,2007,99,96,,100,,,98,102,104,112,95,89,74,95,81,17545
22,Astros,Daikin Park,2007,99,101,,99,,,98,98,99,97,96,124,110,96,106,17817
23,Giants,Oracle Park,2007,98,96,,99,,,96,99,103,107,100,132,75,93,90,17616
24,Mets,Shea Stadium,2007,97,96,,96,,,94,97,96,97,94,106,96,101,97,17308
25,Braves,Turner Field,2007,97,97,,98,,,94,98,96,100,82,95,99,104,105,17793
26,Blue Jays,Rogers Centre,2007,95,97,,94,,,90,93,92,84,105,101,111,93,113,17086
27,Twins,Hubert H. Humphrey Metrodome,2007,94,92,,94,,,88,95,95,99,91,109,78,94,98,17360
28,Nationals,Robert F. Kennedy Memorial Stadium,2007,94,93,,95,,,88,97,96,99,105,80,71,99,96,17423
29,Athletics,Oakland Coliseum,2007,92,87,,88,,,85,95,89,92,80,110,83,115,92,17721
30,Padres,Petco Park,2007,88,89,,91,,,77,90,89,94,79,106,75,93,117,17521
1,Rangers,Globe Life Park in Arlington,2008,111,112,,110,,,123,109,109,103,113,171,119,108,99,18343
2,Tigers,Comerica Park,2008,106,106,,105,,,112,104,107,106,100,131,121,100,94,17888
3,Cubs,Wrigley Field,2008,105,107,,106,,,110,104,103,102,104,77,116,105,107,18058
4,Rockies,Coors Field,2008,105,105,,104,,,110,104,108,105,109,141,112,96,93,17582
5,Red Sox,Fenway Park,2008,104,103,,102,,,108,104,102,94,136,97,89,114,98,19208
6,Astros,Daikin Park,2008,103,104,,102,,,106,100,104,100,109,95,121,89,99,16717
7,Reds,Great American Ball Park,2008,103,104,,101,,,106,100,100,95,101,98,131,101,103,17533
8,Orioles,Oriole Park at Camden Yards,2008,103,102,,100,,,106,102,102,102,95,62,126,104,90,17954
9,Braves,Turner Field,2008,103,102,,103,,,106,104,103,104,105,130,89,106,95,17907
10,D-backs,Chase Field,2008,102,105,,102,,,104,101,102,95,115,145,107,96,106,17250
11,Guardians,Progressive Field,2008,101,101,,102,,,102,103,101,103,105,61,90,104,101,17888
12,Giants,Oracle Park,2008,101,100,,101,,,102,101,100,98,110,166,80,101,98,17438
13,White Sox,Rate Field,2008,101,103,,99,,,102,99,97,92,95,51,137,102,107,17956
14,Yankees,Yankee Stadium I,2008,100,101,,101,,,100,101,101,102,98,83,101,97,101,17697
15,Phillies,Citizens Bank Park,2008,100,101,,100,,,100,99,100,99,98,80,113,98,99,18900
16,Pirates,PNC Park,2008,100,97,,98,,,100,101,103,104,110,88,87,99,84,18101
17,Cardinals,Busch Stadium,2008,100,98,,99,,,100,101,104,108,96,105,94,97,86,17496
18,Nationals,Nationals Park,2008,99,96,,97,,,98,101,98,100,96,87,90,105,92,17506
19,Marlins,Sun Life Stadium,2008,98,102,,102,,,96,98,96,95,96,115,98,103,120,17207
20,Rays,Tropicana Field,2008,98,97,,97,,,96,99,94,95,87,117,95,111,107,18584
21,Brewers,American Family Field,2008,98,99,,99,,,96,98,96,97,86,129,102,106,109,18297
22,Mariners,T-Mobile Park,2008,98,97,,99,,,96,99,101,105,97,87,85,97,96,17695
23,Angels,Angel Stadium,2008,98,99,,101,,,96,97,103,108,93,89,97,77,98,17745
24,Mets,Shea Stadium,2008,97,96,,95,,,94,98,94,95,86,58,111,108,102,17564
25,Royals,Kauffman Stadium,2008,96,95,,97,,,92,97,101,104,104,90,77,89,92,17322
26,Blue Jays,Rogers Centre,2008,95,96,,96,,,90,96,94,92,102,162,79,98,108,17454
27,Twins,Hubert H. Humphrey Metrodome,2008,95,95,,96,,,90,95,100,102,100,114,86,83,95,17259
28,Athletics,Oakland Coliseum,2008,94,93,,94,,,88,96,92,95,91,64,82,106,104,17386
29,Dodgers,Dodger Stadium,2008,92,93,,96,,,85,93,95,101,87,52,82,91,109,17858
30,Padres,Petco Park,2008,92,91,,93,,,85,94,91,98,76,86,82,103,107,17723
1,Rockies,Coors Field,2009,109,109,,107,,,119,108,108,104,113,174,109,110,93,18003
2,D-backs,Chase Field,2009,106,107,,105,,,112,104,106,99,122,154,109,100,98,17758
3,Orioles,Oriole Park at Camden Yards,2009,105,104,,104,,,110,103,110,113,103,87,115,90,87,17998
4,Angels,Angel Stadium,2009,104,103,,103,,,108,103,105,106,96,83,115,96,94,18516
5,Rangers,Globe Life Park in Arlington,2009,104,104,,101,,,108,102,101,96,104,123,121,101,99,17539
6,Red Sox,Fenway Park,2009,104,106,,104,,,108,102,103,94,132,103,104,98,102,18071
7,Marlins,Sun Life Stadium,2009,103,106,,106,,,106,104,102,104,99,69,103,108,110,17712
8,Royals,Kauffman Stadium,2009,103,102,,105,,,106,105,106,111,106,161,75,102,94,17605
9,Brewers,American Family Field,2009,102,105,,101,,,104,100,98,90,113,112,118,108,108,17655
10,Phillies,Citizens Bank Park,2009,102,104,,101,,,104,100,101,96,105,86,123,96,104,19196
11,Astros,Daikin Park,2009,101,102,,103,,,102,101,105,111,90,97,102,93,97,17276
12,Cubs,Wrigley Field,2009,101,101,,101,,,102,102,98,98,97,93,100,111,103,17148
13,Yankees,Yankee Stadium,2009,101,100,,99,,,102,101,97,99,84,60,119,113,101,19686
14,Reds,Great American Ball Park,2009,100,101,,98,,,100,99,97,94,99,88,120,105,103,17464
15,Twins,Hubert H. Humphrey Metrodome,2009,100,100,,100,,,100,99,103,104,96,115,107,92,98,18283
16,Pirates,PNC Park,2009,100,97,,99,,,100,100,103,105,105,90,92,94,87,17615
17,Nationals,Nationals Park,2009,100,97,,97,,,100,99,98,96,103,127,99,101,90,17690
18,Tigers,Comerica Park,2009,99,98,,98,,,98,100,97,97,91,117,100,106,99,17469
19,White Sox,Rate Field,2009,99,99,,98,,,98,98,95,94,91,64,117,103,104,17509
20,Rays,Tropicana Field,2009,99,102,,101,,,98,99,99,96,101,139,103,99,109,17499
21,Blue Jays,Rogers Centre,2009,98,99,,97,,,96,97,96,90,109,90,105,102,104,17754
22,Guardians,Progressive Field,2009,98,97,,100,,,96,101,100,104,106,57,75,105,98,18294
23,Mets,Citi Field,2009,98,97,,97,,,96,98,99,100,100,122,89,96,95,17363
24,Giants,Oracle Park,2009,97,99,,100,,,94,96,100,102,97,119,89,84,105,16954
25,Cardinals,Busch Stadium,2009,97,96,,99,,,94,99,100,106,99,74,74,93,96,17605
26,Athletics,Oakland Coliseum,2009,96,96,,98,,,92,98,98,102,97,94,80,99,100,17741
27,Braves,Turner Field,2009,95,95,,98,,,90,97,96,100,90,103,78,101,106,17577
28,Dodgers,Dodger Stadium,2009,94,95,,97,,,88,95,98,103,96,70,85,85,102,18237
29,Mariners,T-Mobile Park,2009,94,94,,96,,,88,95,95,99,89,59,89,97,104,17790
30,Padres,Petco Park,2009,89,87,,89,,,79,93,85,90,74,79,78,116,110,17442
1,Rockies,Coors Field,2010,112,114,,111,,,125,108,114,109,116,173,130,93,95,17478
2,Yankees,Yankee Stadium,2010,106,106,,103,,,112,103,102,100,93,73,141,104,101,18624
3,D-backs,Chase Field,2010,106,110,,106,,,112,103,105,99,108,161,126,100,105,18010
4,Cubs,Wrigley Field,2010,105,106,,106,,,110,105,104,105,100,120,104,104,101,17728
5,Brewers,American Family Field,2010,104,105,,102,,,108,102,101,97,106,65,128,106,104,17626
6,White Sox,Rate Field,2010,104,105,,102,,,108,102,102,97,104,67,135,105,99,17291
7,Rangers,Globe Life Park in Arlington,2010,104,103,,103,,,108,103,103,103,100,78,113,100,94,19399
8,Red Sox,Fenway Park,2010,103,103,,103,,,106,104,102,97,124,60,95,109,101,17884
9,Reds,Great American Ball Park,2010,103,104,,103,,,106,102,104,104,96,86,122,103,100,17484
10,Blue Jays,Rogers Centre,2010,103,106,,101,,,106,99,100,93,99,102,144,96,106,16900
11,Royals,Kauffman Stadium,2010,103,102,,104,,,106,102,106,108,104,156,91,92,92,18041
12,Orioles,Oriole Park at Camden Yards,2010,102,102,,102,,,104,101,105,108,96,71,112,89,94,17611
13,Nationals,Nationals Park,2010,101,101,,102,,,102,101,103,104,101,97,103,95,99,17099
14,Twins,Target Field,2010,100,98,,100,,,100,101,104,105,115,143,71,96,88,17708
15,Phillies,Citizens Bank Park,2010,100,99,,97,,,100,98,99,96,101,85,117,92,94,18805
16,Pirates,PNC Park,2010,100,97,,98,,,100,101,101,98,117,117,82,98,89,17355
17,Tigers,Comerica Park,2010,100,99,,101,,,100,100,103,107,93,121,89,94,94,17588
18,Guardians,Progressive Field,2010,99,98,,98,,,98,99,97,94,112,96,87,103,99,17601
19,Marlins,Sun Life Stadium,2010,99,103,,103,,,98,101,97,96,107,109,81,113,117,16984
20,Braves,Turner Field,2010,99,100,,101,,,98,100,99,101,96,88,93,101,104,17778
21,Giants,Oracle Park,2010,98,98,,99,,,96,98,98,99,100,94,89,98,102,18862
22,Cardinals,Busch Stadium,2010,98,95,,98,,,96,100,99,105,94,90,80,103,90,17290
23,Astros,Daikin Park,2010,97,97,,97,,,94,96,96,95,97,120,95,97,102,17175
24,Mets,Citi Field,2010,96,92,,94,,,92,98,95,99,91,130,74,105,93,16980
25,Dodgers,Dodger Stadium,2010,95,95,,96,,,90,97,97,100,94,48,90,100,103,17307
26,Rays,Tropicana Field,2010,94,95,,93,,,88,94,91,88,89,145,100,104,111,17771
27,Angels,Angel Stadium,2010,94,93,,95,,,88,96,94,98,89,57,83,97,103,17642
28,Athletics,Oakland Coliseum,2010,93,92,,95,,,86,96,94,99,87,117,70,102,103,16927
29,Padres,Petco Park,2010,92,92,,93,,,85,94,90,94,79,93,85,110,111,16923
30,Mariners,T-Mobile Park,2010,90,89,,92,,,81,92,91,97,90,62,69,94,105,17068
1,Rockies,Coors Field,2011,112,111,,108,,,125,109,113,108,114,128,139,101,87,17788
2,Rangers,Globe Life Park in Arlington,2011,111,110,,106,,,123,107,108,101,109,133,144,99,88,19222
3,Red Sox,Fenway Park,2011,109,109,,111,,,119,109,111,111,123,100,95,104,97,18028
4,Blue Jays,Rogers Centre,2011,106,107,,104,,,112,103,104,96,118,145,117,102,101,18143
5,D-backs,Chase Field,2011,105,105,,102,,,110,102,104,97,115,126,121,94,97,17738
6,Yankees,Yankee Stadium,2011,105,106,,104,,,110,104,102,100,94,82,126,107,103,18192
7,Reds,Great American Ball Park,2011,104,105,,102,,,108,102,101,100,89,64,140,102,99,17378
8,Brewers,American Family Field,2011,104,106,,104,,,108,102,103,100,106,114,120,102,104,18330
9,Astros,Daikin Park,2011,103,104,,103,,,106,102,103,100,117,96,103,99,100,17621
10,Tigers,Comerica Park,2011,103,103,,103,,,106,102,105,106,100,167,103,94,94,18533
11,Orioles,Oriole Park at Camden Yards,2011,102,102,,100,,,104,100,102,96,114,58,123,97,95,17818
12,Cubs,Wrigley Field,2011,101,103,,103,,,102,101,99,100,93,137,101,106,107,17199
13,Royals,Kauffman Stadium,2011,101,98,,100,,,102,104,102,105,106,161,71,107,88,17636
14,Marlins,Sun Life Stadium,2011,100,103,,102,,,100,101,97,95,102,130,100,112,114,16878
15,Mets,Citi Field,2011,100,99,,101,,,100,102,101,103,105,129,72,101,96,17560
16,Nationals,Nationals Park,2011,99,99,,99,,,98,97,103,105,98,68,109,81,94,16746
17,Twins,Target Field,2011,98,98,,100,,,96,100,103,109,94,108,83,93,94,17198
18,Braves,Turner Field,2011,98,101,,102,,,96,98,98,101,89,66,97,102,113,17294
19,Guardians,Progressive Field,2011,98,99,,98,,,96,98,99,97,104,64,104,95,102,17537
20,White Sox,Rate Field,2011,98,99,,98,,,96,98,97,98,87,65,112,106,107,17210
21,Cardinals,Busch Stadium,2011,97,93,,95,,,94,99,98,102,95,73,83,102,89,19298
22,Pirates,PNC Park,2011,97,95,,98,,,94,99,101,106,98,80,77,93,91,17263
23,Phillies,Citizens Bank Park,2011,96,97,,97,,,92,96,97,98,96,94,92,92,104,17553
24,Dodgers,Dodger Stadium,2011,96,95,,97,,,92,98,96,100,92,56,86,106,101,16880
25,Athletics,Oakland Coliseum,2011,94,93,,95,,,88,97,93,96,94,90,71,112,102,17236
26,Angels,Angel Stadium,2011,93,93,,94,,,86,95,95,98,93,74,82,92,101,16937
27,Giants,Oracle Park,2011,92,92,,95,,,85,94,94,97,101,97,59,95,108,17027
28,Rays,Tropicana Field,2011,92,91,,91,,,85,93,89,90,83,89,96,104,105,17429
29,Mariners,T-Mobile Park,2011,91,92,,94,,,83,92,91,95,81,66,87,96,114,17526
30,Padres,Petco Park,2011,91,91,,92,,,83,93,90,90,90,149,74,104,108,16818
1,Rockies,Coors Field,2012,120,119,,116,,,144,117,121,115,120,198,139,104,83,17997
2,Red Sox,Fenway Park,2012,108,108,,108,,,117,106,110,103,140,103,100,97,96,17961
3,Rangers,Globe Life Park in Arlington,2012,107,109,,108,,,114,105,108,105,114,119,111,93,100,17641
4,White Sox,Rate Field,2012,106,107,,104,,,112,105,102,98,96,78,134,112,102,17516
5,Orioles,Oriole Park at Camden Yards,2012,106,107,,105,,,112,104,105,104,102,49,126,99,99,18145
6,Brewers,American Family Field,2012,106,110,,104,,,112,102,101,92,102,127,151,105,110,17488
7,D-backs,Chase Field,2012,106,108,,106,,,112,104,106,100,118,123,117,97,102,17294
8,Twins,Target Field,2012,103,100,,101,,,106,104,104,106,99,148,96,104,86,17648
9,Reds,Great American Ball Park,2012,102,105,,101,,,104,99,101,97,91,111,140,99,105,17403
10,Blue Jays,Rogers Centre,2012,102,103,,100,,,104,101,100,93,113,99,114,102,100,17384
11,Cardinals,Busch Stadium,2012,101,101,,103,,,102,102,105,108,105,85,89,95,98,18669
12,Royals,Kauffman Stadium,2012,101,99,,100,,,102,101,106,108,102,146,89,91,88,17631
13,Yankees,Yankee Stadium,2012,101,102,,98,,,102,98,97,93,96,46,130,103,104,18422
14,Cubs,Wrigley Field,2012,100,97,,97,,,100,101,96,93,103,112,95,115,95,17253
15,Tigers,Comerica Park,2012,100,100,,100,,,100,100,101,104,91,161,95,94,100,18669
16,Phillies,Citizens Bank Park,2012,100,101,,100,,,100,99,99,97,101,68,118,96,102,17243
17,Nationals,Nationals Park,2012,100,101,,100,,,100,99,102,101,105,102,106,90,98,17805
18,Astros,Daikin Park,2012,99,100,,101,,,98,100,97,99,91,91,97,104,106,17558
19,Braves,Turner Field,2012,99,100,,101,,,98,100,98,98,108,86,87,105,105,17137
20,Guardians,Progressive Field,2012,98,96,,99,,,96,100,98,100,106,38,85,103,96,17674
21,Marlins,loanDepot park,2012,97,95,,98,,,94,100,99,104,96,131,71,104,95,17344
22,Mets,Citi Field,2012,96,96,,96,,,92,96,95,98,86,65,106,103,104,16780
23,Angels,Angel Stadium,2012,95,96,,97,,,90,95,98,101,95,92,90,86,101,16854
24,Padres,Petco Park,2012,95,94,,96,,,90,98,94,96,95,128,68,107,105,17091
25,Dodgers,Dodger Stadium,2012,95,96,,98,,,90,97,97,103,85,51,90,97,105,17207
26,Athletics,Oakland Coliseum,2012,93,91,,92,,,86,95,92,95,87,90,87,104,101,17748
27,Giants,Oracle Park,2012,93,91,,95,,,86,96,96,102,99,106,57,100,95,18755
28,Rays,Tropicana Field,2012,92,92,,93,,,85,94,88,91,85,115,77,107,113,17044
29,Pirates,PNC Park,2012,91,90,,92,,,83,92,92,94,98,79,77,86,99,16835
30,Mariners,T-Mobile Park,2012,86,85,,89,,,74,90,88,97,74,65,67,100,108,16843
1,Rockies,Coors Field,2013,111,108,,108,,,123,109,115,114,117,160,112,93,82,17586
2,Brewers,American Family Field,2013,105,104,,102,,,110,104,105,106,88,112,126,104,93,17135
3,Tigers,Comerica Park,2013,105,104,,105,,,110,105,108,109,109,153,97,101,92,18561
4,Blue Jays,Rogers Centre,2013,105,106,,102,,,110,103,100,88,129,59,124,106,100,17645
5,Phillies,Citizens Bank Park,2013,104,106,,102,,,108,101,100,93,107,124,132,95,104,17061
6,Cubs,Wrigley Field,2013,104,104,,103,,,108,102,102,96,115,87,114,99,100,17665
7,Orioles,Oriole Park at Camden Yards,2013,104,104,,100,,,108,100,102,99,93,66,140,95,96,17574
8,Red Sox,Fenway Park,2013,102,103,,103,,,104,102,100,96,119,133,88,103,106,19163
9,Nationals,Nationals Park,2013,102,101,,104,,,104,103,107,112,104,52,88,94,94,16847
10,Yankees,Yankee Stadium,2013,102,103,,103,,,104,102,102,104,98,69,107,99,103,17184
11,Angels,Angel Stadium,2013,101,101,,102,,,102,102,103,106,96,118,92,102,98,17787
12,Astros,Daikin Park,2013,101,103,,101,,,102,101,97,95,93,136,110,110,108,17901
13,Twins,Target Field,2013,101,101,,102,,,102,101,104,105,114,91,87,88,94,17525
14,Rangers,Globe Life Park in Arlington,2013,101,100,,102,,,102,103,102,107,90,68,96,106,96,17431
15,D-backs,Chase Field,2013,101,99,,98,,,102,101,100,97,111,122,101,105,92,17286
16,Reds,Great American Ball Park,2013,100,103,,100,,,100,97,96,90,102,74,128,101,113,17057
17,Royals,Kauffman Stadium,2013,100,97,,99,,,100,101,103,107,96,149,81,95,87,17350
18,White Sox,Rate Field,2013,99,98,,98,,,98,100,96,100,77,45,117,111,100,17275
19,Guardians,Progressive Field,2013,99,102,,101,,,98,99,97,95,102,63,106,103,113,17513
20,Braves,Turner Field,2013,98,100,,101,,,96,98,99,100,93,101,100,97,110,17256
21,Giants,Oracle Park,2013,97,95,,97,,,94,98,97,98,101,155,73,105,96,17353
22,Marlins,loanDepot park,2013,97,94,,97,,,94,99,98,101,104,159,59,105,95,17019
23,Cardinals,Busch Stadium,2013,97,96,,98,,,94,99,101,105,100,81,76,94,95,18728
24,Dodgers,Dodger Stadium,2013,97,98,,99,,,94,97,100,104,93,58,98,87,103,17862
25,Mariners,T-Mobile Park,2013,97,99,,99,,,94,96,98,96,109,65,97,93,109,17599
26,Rays,Tropicana Field,2013,95,95,,94,,,90,96,94,94,89,137,93,103,105,17851
27,Mets,Citi Field,2013,95,96,,95,,,90,95,92,92,87,72,105,103,110,17526
28,Athletics,Oakland Coliseum,2013,95,93,,93,,,90,95,94,93,100,110,87,101,98,17983
29,Padres,Petco Park,2013,95,95,,95,,,90,95,92,94,79,129,98,105,108,17181
30,Pirates,PNC Park,2013,94,92,,96,,,88,97,96,103,85,74,72,97,99,17709
1,Rockies,Coors Field,2014,120,117,,114,,,144,115,123,118,120,189,143,96,79,17513
2,Twins,Target Field,2014,105,104,,104,,,110,106,107,107,112,128,93,104,90,17876
3,Red Sox,Fenway Park,2014,105,105,,106,,,110,107,104,101,136,89,75,118,100,18320
4,Blue Jays,Rogers Centre,2014,105,107,,103,,,110,101,102,92,115,130,134,97,105,17347
5,Tigers,Comerica Park,2014,104,101,,101,,,108,104,104,106,94,176,101,104,89,17538
6,D-backs,Chase Field,2014,103,105,,103,,,106,101,106,102,108,181,112,88,96,17166
7,White Sox,Rate Field,2014,102,105,,105,,,104,102,100,100,97,110,107,106,110,17540
8,Brewers,American Family Field,2014,101,101,,100,,,102,100,100,100,93,58,122,99,98,16856
9,Pirates,PNC Park,2014,101,97,,100,,,102,104,103,109,98,84,76,102,88,17422
10,Astros,Daikin Park,2014,101,103,,101,,,102,100,99,97,101,116,113,100,106,17369
11,Rangers,Globe Life Park in Arlington,2014,101,99,,100,,,102,102,102,105,94,168,91,97,91,17152
12,Nationals,Nationals Park,2014,100,101,,105,,,100,103,104,110,103,46,77,100,102,17757
13,Yankees,Yankee Stadium,2014,100,103,,101,,,100,98,100,99,89,61,138,89,106,17679
14,Marlins,loanDepot park,2014,100,99,,100,,,100,101,104,106,105,191,75,96,94,17219
15,Orioles,Oriole Park at Camden Yards,2014,100,100,,99,,,100,99,100,100,95,55,118,98,98,18130
16,Cardinals,Busch Stadium,2014,100,96,,96,,,100,101,99,97,109,115,85,105,89,17994
17,Dodgers,Dodger Stadium,2014,99,101,,99,,,98,96,98,93,108,44,124,90,104,17488
18,Athletics,Oakland Coliseum,2014,99,96,,96,,,98,100,97,98,94,95,97,106,93,17713
19,Cubs,Wrigley Field,2014,99,102,,101,,,98,98,98,94,111,103,95,103,112,17387
20,Guardians,Progressive Field,2014,99,100,,100,,,98,98,98,96,105,60,102,96,106,17537
21,Braves,Turner Field,2014,98,102,,102,,,96,99,98,102,84,62,104,101,113,16900
22,Reds,Great American Ball Park,2014,98,100,,97,,,96,97,94,91,91,82,122,108,108,16702
23,Phillies,Citizens Bank Park,2014,98,99,,99,,,96,98,97,97,92,89,110,100,104,17527
24,Royals,Kauffman Stadium,2014,98,96,,97,,,96,99,102,105,101,109,78,94,92,18696
25,Mets,Citi Field,2014,97,96,,95,,,94,98,94,91,103,69,97,108,101,17000
26,Giants,Oracle Park,2014,96,96,,98,,,92,97,98,100,94,185,76,93,101,18529
27,Angels,Angel Stadium,2014,95,96,,97,,,90,96,97,100,95,54,85,94,107,18043
28,Rays,Tropicana Field,2014,94,92,,95,,,88,97,93,98,84,65,78,110,104,17496
29,Mariners,T-Mobile Park,2014,91,93,,93,,,83,91,91,93,81,58,107,92,110,16592
30,Padres,Petco Park,2014,91,90,,92,,,83,93,89,92,87,84,77,106,108,16743
1,Rockies,Coors Field,2015,117,116,102.0,115,103.0,108.0,137,115,122,119,125,192,122,99,84,17574
2,Rangers,Globe Life Park in Arlington,2015,107,104,104.0,104,103.0,104.0,114,108,106,107,108,104,99,111,88,18401
3,Red Sox,Fenway Park,2015,107,107,99.0,108,100.0,100.0,114,107,110,110,122,109,95,94,93,17675
4,D-backs,Chase Field,2015,105,106,105.0,106,103.0,107.0,110,104,106,101,121,166,94,101,98,17644
5,Orioles,Oriole Park at Camden Yards,2015,104,106,102.0,103,101.0,100.0,108,101,104,103,97,63,133,91,100,16819
6,Guardians,Progressive Field,2015,104,106,104.0,107,105.0,104.0,108,105,106,103,127,76,90,106,104,17096
7,Phillies,Citizens Bank Park,2015,103,103,99.0,103,100.0,98.0,106,103,101,102,97,81,109,99,99,17479
8,Brewers,American Family Field,2015,103,104,101.0,101,100.0,96.0,106,100,101,96,105,119,126,100,101,17272
9,Twins,Target Field,2015,102,100,100.0,101,100.0,105.0,104,102,105,106,102,93,102,91,91,17187
10,Reds,Great American Ball Park,2015,102,101,97.0,101,98.0,92.0,104,102,100,100,101,42,113,111,101,17758
11,Yankees,Yankee Stadium,2015,101,101,100.0,99,99.0,103.0,102,99,96,95,87,56,126,104,103,17679
12,Nationals,Nationals Park,2015,100,101,104.0,101,102.0,108.0,100,99,100,100,100,48,109,100,103,16825
13,Tigers,Comerica Park,2015,100,99,101.0,99,101.0,106.0,100,100,102,102,99,189,87,99,94,17503
14,Cubs,Wrigley Field,2015,100,102,102.0,98,101.0,97.0,100,98,94,89,89,120,126,109,110,17997
15,Blue Jays,Rogers Centre,2015,99,97,102.0,94,101.0,104.0,98,97,96,90,109,73,112,104,94,18551
16,Padres,Petco Park,2015,99,102,98.0,101,99.0,100.0,98,98,96,95,95,107,104,103,112,16785
17,Royals,Kauffman Stadium,2015,99,97,102.0,98,101.0,104.0,98,100,102,101,115,150,80,95,87,19031
18,Astros,Daikin Park,2015,98,104,95.0,100,96.0,91.0,96,95,96,89,97,135,123,99,117,17439
19,Cardinals,Busch Stadium,2015,98,97,100.0,100,101.0,101.0,96,100,102,107,98,100,82,96,95,17487
20,Braves,Turner Field,2015,97,94,97.0,97,98.0,93.0,94,101,95,99,96,72,71,118,95,17399
21,Mariners,T-Mobile Park,2015,97,99,102.0,99,101.0,102.0,94,98,96,98,89,66,99,101,110,17588
22,White Sox,Rate Field,2015,97,98,96.0,98,99.0,92.0,94,98,96,99,87,88,96,106,106,17299
23,Pirates,PNC Park,2015,97,97,102.0,98,103.0,107.0,94,99,98,103,92,70,88,96,99,17666
24,Athletics,Oakland Coliseum,2015,96,93,95.0,95,96.0,95.0,92,98,98,101,97,108,78,96,89,17582
25,Marlins,loanDepot park,2015,96,93,97.0,96,99.0,100.0,92,98,99,105,93,132,70,101,94,16965
26,Rays,Tropicana Field,2015,95,98,101.0,98,99.0,98.0,90,95,95,98,86,72,99,94,115,17390
27,Dodgers,Dodger Stadium,2015,95,98,99.0,97,100.0,98.0,90,94,96,93,103,58,106,89,109,17334
28,Angels,Angel Stadium,2015,94,94,97.0,95,98.0,93.0,88,95,94,97,88,59,95,96,105,16974
29,Giants,Oracle Park,2015,94,92,99.0,95,99.0,100.0,88,97,97,102,89,183,65,100,97,17121
30,Mets,Citi Field,2015,93,95,96.0,94,97.0,92.0,86,92,93,91,93,64,107,91,107,18505
1,Rockies,Coors Field,2016,115,114,104.0,113,105.0,109.0,132,113,119,113,133,156,118,101,88,17691
2,D-backs,Chase Field,2016,110,112,109.0,109,106.0,105.0,121,107,111,105,114,193,119,101,100,18084
3,Red Sox,Fenway Park,2016,109,107,100.0,107,100.0,97.0,119,108,111,108,129,128,99,100,90,17985
4,Rangers,Globe Life Park in Arlington,2016,106,104,100.0,104,101.0,97.0,112,106,107,108,98,133,111,100,90,18059
5,Guardians,Progressive Field,2016,105,106,104.0,105,104.0,105.0,110,104,105,100,123,57,111,108,99,18975
6,Pirates,PNC Park,2016,104,101,100.0,103,102.0,102.0,108,106,104,106,110,163,80,106,91,17662
7,Twins,Target Field,2016,104,104,101.0,104,100.0,104.0,108,102,107,105,111,110,106,88,94,18099
8,Reds,Great American Ball Park,2016,103,102,96.0,99,97.0,91.0,106,101,101,98,97,68,126,103,97,17322
9,Tigers,Comerica Park,2016,103,102,105.0,100,101.0,104.0,106,101,102,103,87,185,113,99,96,16999
10,Orioles,Oriole Park at Camden Yards,2016,101,99,98.0,99,98.0,99.0,102,102,99,101,91,46,107,106,96,17322
11,Blue Jays,Rogers Centre,2016,101,100,103.0,99,102.0,108.0,102,101,98,94,113,90,99,109,101,18763
12,Giants,Oracle Park,2016,100,97,100.0,100,101.0,99.0,100,103,104,109,104,171,66,106,89,17904
13,Brewers,American Family Field,2016,100,103,100.0,101,100.0,100.0,100,99,97,93,100,99,112,108,110,17098
14,Braves,Turner Field,2016,99,97,100.0,101,100.0,105.0,98,103,99,106,94,93,73,105,96,17523
15,White Sox,Rate Field,2016,99,100,97.0,99,99.0,93.0,98,98,99,98,96,105,104,96,101,17366
16,Mariners,T-Mobile Park,2016,99,101,104.0,99,103.0,102.0,98,98,97,95,92,53,121,99,107,17503
17,Royals,Kauffman Stadium,2016,99,98,101.0,101,101.0,102.0,98,101,104,108,107,131,77,95,94,17449
18,Yankees,Yankee Stadium,2016,99,101,98.0,98,98.0,97.0,98,97,98,96,88,52,126,98,104,17373
19,Cardinals,Busch Stadium,2016,98,97,102.0,98,101.0,101.0,96,98,100,103,98,57,96,92,95,17172
20,Padres,Petco Park,2016,98,98,96.0,98,97.0,96.0,96,98,98,99,98,85,97,95,101,17690
21,Angels,Angel Stadium,2016,97,95,99.0,97,99.0,99.0,94,98,97,103,88,59,93,100,93,17430
22,Phillies,Citizens Bank Park,2016,97,101,99.0,99,99.0,100.0,94,95,96,94,87,101,116,89,111,16991
23,Mets,Citi Field,2016,96,97,100.0,96,100.0,95.0,92,96,92,92,83,46,112,109,110,17140
24,Nationals,Nationals Park,2016,96,97,101.0,96,100.0,104.0,92,96,96,98,90,79,103,97,103,17732
25,Rays,Tropicana Field,2016,95,98,100.0,98,98.0,100.0,90,94,93,92,89,85,101,99,116,17412
26,Dodgers,Dodger Stadium,2016,94,97,99.0,98,100.0,101.0,88,95,95,97,92,38,97,91,110,17926
27,Cubs,Wrigley Field,2016,94,92,97.0,92,97.0,96.0,88,96,89,89,91,85,88,111,106,18909
28,Marlins,loanDepot park,2016,94,92,95.0,94,97.0,94.0,88,97,94,97,99,84,72,105,101,17162
29,Astros,Daikin Park,2016,93,98,95.0,98,97.0,93.0,86,92,93,91,99,147,85,92,120,17439
30,Athletics,Oakland Coliseum,2016,92,90,97.0,93,98.0,98.0,85,94,96,99,97,106,75,88,93,17182
1,Rockies,Coors Field,2017,112,111,97.0,110,99.0,103.0,125,110,114,112,115,209,110,104,91,17538
2,Rangers,Globe Life Park in Arlington,2017,107,105,103.0,104,102.0,95.0,114,108,104,102,106,77,113,115,92,17946
3,Tigers,Comerica Park,2017,106,103,108.0,104,105.0,108.0,112,105,109,109,108,151,104,97,86,18035
4,D-backs,Chase Field,2017,105,108,110.0,104,106.0,116.0,110,102,103,92,126,137,114,101,105,17744
5,Twins,Target Field,2017,104,103,101.0,102,100.0,102.0,108,104,104,103,103,121,109,104,96,17770
6,Athletics,Oakland Coliseum,2017,103,104,104.0,102,103.0,107.0,106,101,100,94,110,169,107,106,102,17929
7,Orioles,Oriole Park at Camden Yards,2017,103,102,104.0,101,103.0,107.0,106,102,104,105,92,56,121,100,93,17935
8,Cubs,Wrigley Field,2017,103,103,104.0,102,103.0,102.0,106,104,98,97,101,102,102,110,102,18601
9,Nationals,Nationals Park,2017,102,105,102.0,105,101.0,104.0,104,102,105,107,105,69,104,94,104,17866
10,Phillies,Citizens Bank Park,2017,102,104,104.0,101,102.0,103.0,104,99,99,95,97,108,123,100,108,17525
11,Reds,Great American Ball Park,2017,102,102,96.0,98,97.0,90.0,104,101,97,89,101,122,119,110,102,17368
12,White Sox,Rate Field,2017,101,102,96.0,100,96.0,97.0,102,101,96,93,90,103,113,106,103,17619
13,Braves,Truist Park,2017,101,99,100.0,101,102.0,99.0,102,101,105,107,112,82,90,90,92,17471
14,Brewers,American Family Field,2017,101,104,100.0,103,101.0,99.0,102,101,100,97,107,77,107,101,107,17890
15,Red Sox,Fenway Park,2017,100,101,98.0,105,99.0,100.0,100,102,106,112,109,75,79,92,101,18351
16,Blue Jays,Rogers Centre,2017,99,99,99.0,98,99.0,101.0,98,99,98,95,109,71,100,100,98,17371
17,Yankees,Yankee Stadium,2017,99,102,104.0,99,102.0,104.0,98,98,93,91,83,79,120,112,111,18942
18,Cardinals,Busch Stadium,2017,98,97,103.0,99,103.0,101.0,96,100,99,103,97,105,87,102,99,17395
19,Pirates,PNC Park,2017,98,94,95.0,97,98.0,95.0,96,99,103,107,107,80,79,92,87,17259
20,Astros,Daikin Park,2017,98,98,95.0,97,96.0,96.0,96,97,97,95,99,68,106,97,101,18797
21,Marlins,loanDepot park,2017,98,94,95.0,96,95.0,95.0,96,100,98,106,77,124,88,107,93,16945
22,Mariners,T-Mobile Park,2017,97,97,100.0,97,101.0,100.0,94,97,97,100,91,75,98,99,102,17556
23,Royals,Kauffman Stadium,2017,97,95,98.0,97,99.0,97.0,94,98,101,104,103,137,82,94,90,17465
24,Guardians,Progressive Field,2017,96,99,100.0,100,101.0,99.0,92,96,97,98,105,58,92,96,111,17651
25,Mets,Citi Field,2017,96,95,96.0,96,97.0,96.0,92,97,95,97,92,76,92,100,101,18520
26,Dodgers,Dodger Stadium,2017,95,97,99.0,96,98.0,98.0,90,94,93,90,95,53,109,97,110,18402
27,Rays,Tropicana Field,2017,95,97,97.0,98,97.0,98.0,90,96,94,97,85,122,92,99,112,17859
28,Angels,Angel Stadium,2017,95,94,99.0,95,99.0,97.0,90,95,98,103,87,65,95,85,97,17234
29,Padres,Petco Park,2017,94,94,95.0,95,96.0,91.0,88,96,92,94,87,89,89,104,108,16891
30,Giants,Oracle Park,2017,93,91,98.0,96,99.0,98.0,86,96,100,107,104,131,58,85,91,17514
1,Rockies,Coors Field,2018,115,116,103.0,113,104.0,106.0,132,111,116,107,128,191,126,99,95,17610
2,Rangers,Globe Life Park in Arlington,2018,111,109,103.0,107,101.0,103.0,123,109,110,104,112,168,122,105,89,17988
3,Nationals,Nationals Park,2018,106,106,105.0,104,103.0,103.0,112,104,105,100,119,76,118,104,96,17432
4,Reds,Great American Ball Park,2018,105,108,101.0,104,101.0,99.0,110,103,102,97,101,108,131,109,107,17657
5,Yankees,Yankee Stadium,2018,104,106,104.0,105,103.0,103.0,108,104,103,104,93,66,117,111,104,18644
6,Guardians,Progressive Field,2018,103,104,103.0,103,103.0,105.0,106,102,103,100,108,80,108,93,100,17710
7,Red Sox,Fenway Park,2018,103,104,105.0,104,102.0,104.0,106,103,104,99,125,131,94,99,100,19006
8,Cubs,Wrigley Field,2018,102,100,99.0,101,100.0,103.0,104,104,101,104,96,120,90,112,96,17956
9,Blue Jays,Rogers Centre,2018,102,103,102.0,101,101.0,101.0,104,100,100,93,115,89,112,99,103,17798
10,Orioles,Oriole Park at Camden Yards,2018,102,100,97.0,99,99.0,97.0,104,101,103,105,91,72,116,97,91,17751
11,Twins,Target Field,2018,102,101,102.0,102,102.0,102.0,104,104,102,102,112,89,92,110,98,17478
12,Royals,Kauffman Stadium,2018,101,97,102.0,99,102.0,103.0,102,103,105,108,104,126,87,99,86,17774
13,Padres,Petco Park,2018,100,99,99.0,99,100.0,100.0,100,101,100,100,104,89,96,107,98,17116
14,D-backs,Chase Field,2018,100,99,103.0,99,103.0,106.0,100,100,99,98,94,172,95,105,101,17581
15,Pirates,PNC Park,2018,100,99,99.0,100,99.0,97.0,100,101,102,102,116,82,86,97,93,17157
16,Brewers,American Family Field,2018,99,102,102.0,100,100.0,102.0,98,98,95,93,89,105,113,105,111,18640
17,Phillies,Citizens Bank Park,2018,98,103,97.0,101,97.0,99.0,96,97,96,92,97,102,111,99,116,17111
18,Braves,Truist Park,2018,98,96,99.0,99,100.0,100.0,96,101,99,104,99,79,80,104,95,17940
19,Giants,Oracle Park,2018,98,96,97.0,98,98.0,99.0,96,99,101,104,106,144,74,96,93,17272
20,White Sox,Rate Field,2018,98,101,98.0,102,100.0,99.0,96,99,99,103,87,94,98,98,111,17647
21,Tigers,Comerica Park,2018,97,95,98.0,96,98.0,96.0,94,97,99,100,102,143,84,91,93,17251
22,Cardinals,Busch Stadium,2018,97,94,102.0,97,101.0,99.0,94,99,99,107,89,57,87,96,93,17482
23,Dodgers,Dodger Stadium,2018,97,100,100.0,98,99.0,96.0,94,95,96,92,103,41,116,90,109,19260
24,Angels,Angel Stadium,2018,97,97,101.0,95,99.0,105.0,94,96,93,91,86,59,114,106,103,17362
25,Mariners,T-Mobile Park,2018,96,99,100.0,99,100.0,99.0,92,95,99,102,86,96,101,82,106,17140
26,Athletics,Oakland Coliseum,2018,95,93,101.0,94,100.0,100.0,90,95,95,93,110,64,86,98,98,17540
27,Rays,Tropicana Field,2018,95,94,95.0,96,96.0,92.0,90,97,94,98,86,127,80,104,105,17334
28,Astros,Daikin Park,2018,95,97,92.0,97,94.0,93.0,90,96,94,96,89,70,99,101,108,18135
29,Marlins,loanDepot park,2018,92,89,95.0,93,97.0,95.0,85,96,94,102,91,70,67,94,95,17429
30,Mets,Citi Field,2018,91,93,96.0,93,96.0,92.0,83,91,91,96,72,89,100,91,109,17140
1,Rockies,Coors Field,2019,118,117,104.0,116,105.0,109.0,139,115,123,118,128,212,121,100,85,18124
2,Rangers,Globe Life Park in Arlington,2019,107,107,100.0,107,100.0,102.0,114,107,108,109,106,132,102,106,95,18062
3,Nationals,Nationals Park,2019,105,106,106.0,105,104.0,104.0,110,104,106,103,112,89,111,104,98,19308
4,Orioles,Oriole Park at Camden Yards,2019,105,103,100.0,101,100.0,98.0,110,102,104,100,103,106,122,92,90,17870
5,Braves,Truist Park,2019,104,103,103.0,104,103.0,105.0,108,104,103,103,107,100,102,106,98,18275
6,Phillies,Citizens Bank Park,2019,103,104,100.0,102,99.0,97.0,106,102,102,102,90,99,118,103,98,17805
7,Red Sox,Fenway Park,2019,103,103,103.0,104,101.0,107.0,106,104,101,94,131,110,87,112,103,17958
8,Astros,Daikin Park,2019,102,103,96.0,101,96.0,94.0,104,100,101,100,87,73,124,103,104,19767
9,Pirates,PNC Park,2019,102,99,98.0,100,100.0,97.0,104,103,103,99,132,120,83,100,89,17904
10,Tigers,Comerica Park,2019,101,103,104.0,104,103.0,105.0,102,101,106,109,96,217,94,88,99,17678
11,Twins,Target Field,2019,100,100,104.0,101,102.0,105.0,100,100,102,101,111,91,95,97,99,18350
12,Blue Jays,Rogers Centre,2019,100,100,100.0,96,98.0,100.0,100,97,97,90,97,83,123,103,100,18181
13,Angels,Angel Stadium,2019,100,99,100.0,98,100.0,99.0,100,100,97,97,93,84,103,106,100,17702
14,Royals,Kauffman Stadium,2019,100,95,98.0,100,100.0,98.0,100,103,106,112,112,153,70,95,85,17619
15,D-backs,Chase Field,2019,99,99,102.0,100,101.0,100.0,98,98,101,101,102,168,94,92,99,17762
16,Brewers,American Family Field,2019,99,102,101.0,100,100.0,104.0,98,98,94,92,89,84,110,110,113,17597
17,White Sox,Rate Field,2019,99,99,100.0,99,101.0,98.0,98,99,97,101,82,35,110,101,103,17105
18,Reds,Great American Ball Park,2019,99,102,97.0,101,100.0,96.0,98,99,99,100,93,38,110,102,107,16977
19,Cubs,Wrigley Field,2019,99,99,100.0,99,100.0,100.0,98,100,99,99,96,128,96,105,101,17492
20,Mets,Citi Field,2019,97,99,97.0,99,98.0,96.0,94,97,96,97,92,49,105,95,107,17582
21,Dodgers,Dodger Stadium,2019,97,98,99.0,97,99.0,96.0,94,95,98,97,94,38,114,87,103,17508
22,Guardians,Progressive Field,2019,97,99,95.0,98,96.0,98.0,94,96,95,91,109,55,100,100,107,17152
23,Yankees,Yankee Stadium,2019,97,99,99.0,99,99.0,103.0,94,97,95,98,83,54,103,102,109,18290
24,Mariners,T-Mobile Park,2019,96,98,101.0,98,101.0,98.0,92,97,95,97,90,60,100,101,107,17750
25,Athletics,Oakland Coliseum,2019,96,93,98.0,94,98.0,101.0,92,97,96,96,100,90,89,100,95,17861
26,Marlins,loanDepot park,2019,96,95,96.0,97,98.0,94.0,92,99,98,101,100,136,79,102,98,17473
27,Cardinals,Busch Stadium,2019,95,91,99.0,93,99.0,98.0,90,97,95,100,88,90,84,100,95,17851
28,Padres,Petco Park,2019,95,95,100.0,96,100.0,102.0,90,97,94,96,90,75,93,104,103,17105
29,Rays,Tropicana Field,2019,93,96,99.0,97,100.0,96.0,86,94,94,95,98,112,85,92,112,18211
30,Giants,Oracle Park,2019,91,91,98.0,95,98.0,100.0,83,94,95,104,86,134,69,87,102,17749
1,Red Sox,Fenway Park,2020,108,109,100.0,111,101.0,102.0,117,108,111,110,126,93,96,99,98,6571
2,Angels,Angel Stadium,2020,108,107,107.0,106,105.0,104.0,117,106,109,106,110,95,119,105,93,6259
3,Rockies,Coors Field,2020,107,107,99.0,110,102.0,95.0,114,105,118,124,101,213,100,80,90,6278
4,Reds,Great American Ball Park,2020,105,110,102.0,103,99.0,97.0,110,101,98,89,93,58,154,103,109,5831
5,Phillies,Citizens Bank Park,2020,103,102,103.0,100,102.0,102.0,106,102,102,100,93,201,117,106,97,6205
6,Giants,Oracle Park,2020,103,103,103.0,103,101.0,103.0,106,103,102,99,115,122,97,107,102,6465
7,Dodgers,Dodger Stadium,2020,102,102,102.0,99,101.0,103.0,104,99,101,99,90,58,128,93,97,7840
8,White Sox,Rate Field,2020,102,100,100.0,99,99.0,99.0,104,101,100,101,89,30,114,108,99,6059
9,Brewers,American Family Field,2020,102,105,99.0,104,100.0,94.0,104,102,101,103,90,85,108,100,106,5826
10,D-backs,Chase Field,2020,102,100,101.0,101,101.0,99.0,104,103,101,99,105,152,94,106,94,6238
11,Royals,Kauffman Stadium,2020,102,101,103.0,103,104.0,98.0,104,103,108,114,105,82,92,94,93,5884
12,Tigers,Comerica Park,2020,102,100,102.0,99,101.0,110.0,104,100,102,97,113,273,97,97,93,5442
13,Yankees,Yankee Stadium,2020,101,100,104.0,97,102.0,100.0,102,98,98,92,95,115,124,98,98,6253
14,Blue Jays,Sahlen Field,2020,101,101,101.0,103,103.0,103.0,102,102,104,109,102,92,90,100,99,5658
15,Mets,Citi Field,2020,101,102,101.0,100,99.0,103.0,102,99,98,92,104,64,116,99,104,5938
16,Braves,Truist Park,2020,101,101,101.0,103,101.0,100.0,102,103,102,105,101,71,95,105,101,6825
17,Cardinals,Busch Stadium,2020,100,94,97.0,96,98.0,95.0,100,102,99,104,90,114,90,108,87,5301
18,Rangers,Globe Life Field,2020,100,101,101.0,101,100.0,106.0,100,102,98,100,95,114,94,111,106,9773
19,Guardians,Progressive Field,2020,100,103,98.0,104,99.0,94.0,100,100,102,101,112,126,90,98,105,6363
20,Padres,Petco Park,2020,99,100,104.0,99,102.0,104.0,98,98,95,94,90,49,112,105,108,9773
21,Pirates,PNC Park,2020,98,97,98.0,99,99.0,104.0,96,99,98,98,109,68,89,100,98,6181
22,Marlins,loanDepot park,2020,98,98,98.0,100,98.0,93.0,96,99,101,102,116,60,86,91,99,5208
23,Nationals,Nationals Park,2020,97,97,98.0,98,99.0,99.0,94,98,98,99,98,97,93,97,98,6114
24,Cubs,Wrigley Field,2020,96,97,102.0,96,103.0,102.0,92,97,95,93,104,146,91,97,104,6365
25,Rays,Tropicana Field,2020,95,97,94.0,98,95.0,95.0,90,96,94,95,97,151,82,102,109,6512
26,Mariners,T-Mobile Park,2020,95,94,94.0,93,94.0,98.0,90,95,92,90,98,48,100,97,102,5141
27,Twins,Target Field,2020,94,95,97.0,96,97.0,103.0,88,96,95,98,95,108,86,98,102,6173
28,Orioles,Oriole Park at Camden Yards,2020,94,92,97.0,93,96.0,94.0,88,96,94,98,81,98,95,97,98,6401
29,Athletics,Oakland Coliseum,2020,94,92,98.0,94,99.0,98.0,88,95,95,99,98,73,83,96,99,6819
30,Astros,Daikin Park,2020,92,92,94.0,94,97.0,92.0,85,93,93,95,97,117,81,95,104,6695
1,Reds,Great American Ball Park,2021,110,113,103.0,110,102.0,102.0,121,107,107,101,112,68,130,109,105,17587
2,Rockies,Coors Field,2021,108,105,97.0,105,99.0,99.0,117,106,113,110,120,184,105,92,84,17146
3,Orioles,Oriole Park at Camden Yards,2021,108,109,107.0,105,105.0,103.0,117,104,107,102,102,89,139,99,96,17554
4,Red Sox,Fenway Park,2021,107,108,103.0,109,102.0,105.0,114,108,111,108,135,106,94,101,95,18873
5,Nationals,Nationals Park,2021,104,103,102.0,103,101.0,104.0,108,104,106,107,101,79,111,98,91,17275
6,D-backs,Chase Field,2021,104,104,97.0,106,100.0,95.0,108,104,110,108,129,136,86,92,94,17542
7,Cubs,Wrigley Field,2021,103,105,102.0,102,102.0,100.0,106,101,101,100,87,102,124,101,103,17444
8,Pirates,PNC Park,2021,102,98,98.0,100,100.0,97.0,104,105,103,105,113,147,78,112,89,17407
9,Royals,Kauffman Stadium,2021,102,100,101.0,104,102.0,104.0,104,104,108,114,114,130,76,92,90,17359
10,Angels,Angel Stadium,2021,101,102,102.0,102,101.0,101.0,102,101,101,103,93,81,107,106,103,17518
11,Phillies,Citizens Bank Park,2021,101,102,99.0,102,99.0,98.0,102,100,100,100,97,126,104,99,104,16930
12,White Sox,Rate Field,2021,101,103,98.0,101,98.0,101.0,102,101,96,95,87,96,114,106,106,17290
13,Twins,Target Field,2021,101,99,105.0,97,102.0,106.0,102,99,100,94,110,74,110,97,94,17511
14,Braves,Truist Park,2021,100,102,103.0,101,102.0,100.0,100,100,100,98,100,96,107,100,104,18531
15,Astros,Daikin Park,2021,100,99,98.0,99,100.0,98.0,100,101,100,100,99,121,99,106,97,19300
16,Guardians,Progressive Field,2021,100,102,100.0,101,100.0,101.0,100,99,100,97,102,76,110,97,102,16847
17,Dodgers,Dodger Stadium,2021,99,102,103.0,98,100.0,102.0,98,97,96,91,91,57,130,96,107,18215
18,Giants,Oracle Park,2021,98,99,103.0,100,102.0,107.0,96,99,99,100,105,137,85,95,102,17594
19,Yankees,Yankee Stadium,2021,97,98,99.0,97,98.0,97.0,94,98,92,94,76,41,110,115,110,17347
20,Rangers,Globe Life Field,2021,97,95,97.0,96,98.0,96.0,94,98,100,104,91,79,96,92,94,17336
21,Padres,Petco Park,2021,97,98,102.0,98,102.0,105.0,94,98,96,96,98,61,94,108,106,17262
22,Tigers,Comerica Park,2021,96,94,98.0,96,98.0,101.0,92,98,97,100,98,226,72,104,98,17092
23,Mets,Citi Field,2021,96,96,99.0,97,99.0,95.0,92,97,96,100,89,56,92,102,106,16150
24,Brewers,American Family Field,2021,96,95,96.0,95,97.0,94.0,92,98,92,94,81,100,96,112,106,17810
25,Blue Jays,Rogers Centre,2021,95,94,101.0,93,100.0,99.0,90,93,99,98,105,58,101,78,94,8804
26,Marlins,loanDepot park,2021,94,95,97.0,98,99.0,100.0,88,96,95,99,91,143,78,95,105,17048
27,Athletics,Oakland Coliseum,2021,94,94,99.0,95,99.0,100.0,88,95,96,99,94,80,86,91,101,17431
28,Rays,Tropicana Field,2021,94,96,94.0,98,95.0,93.0,88,95,92,93,96,100,83,99,113,17748
29,Cardinals,Busch Stadium,2021,93,90,99.0,93,100.0,97.0,86,96,97,104,96,69,77,92,92,16868
30,Mariners,T-Mobile Park,2021,92,93,98.0,92,97.0,95.0,85,92,90,91,85,60,96,99,108,17237
1,Rockies,Coors Field,2022,114,112,102.0,110,103.0,106.0,130,111,118,113,124,192,121,96,82,17914
2,Red Sox,Fenway Park,2022,108,109,104.0,108,103.0,105.0,117,106,110,106,120,185,108,97,96,17686
3,Reds,Great American Ball Park,2022,107,109,99.0,106,100.0,98.0,114,105,104,101,100,74,131,108,104,17540
4,Royals,Kauffman Stadium,2022,105,101,101.0,104,101.0,107.0,110,107,108,112,111,159,80,105,84,17616
5,Blue Jays,Rogers Centre,2022,103,104,102.0,102,102.0,106.0,106,101,104,101,109,58,117,92,98,17499
6,Phillies,Citizens Bank Park,2022,103,105,101.0,103,100.0,101.0,106,101,103,100,103,127,113,94,101,18958
7,Rangers,Globe Life Field,2022,102,103,101.0,101,101.0,100.0,104,102,100,98,98,99,113,107,102,17245
8,Nationals,Nationals Park,2022,102,100,100.0,98,99.0,100.0,104,100,99,96,101,95,113,99,93,17607
9,White Sox,Rate Field,2022,101,100,99.0,100,98.0,102.0,102,100,102,103,97,51,109,100,96,17578
10,Pirates,PNC Park,2022,101,99,101.0,101,102.0,104.0,102,103,102,106,99,101,92,103,92,17524
11,Dodgers,Dodger Stadium,2022,101,105,98.0,102,97.0,98.0,102,99,99,93,106,105,118,96,108,17542
12,Marlins,loanDepot park,2022,100,100,101.0,100,101.0,100.0,100,100,101,98,113,140,91,94,101,17073
13,Giants,Oracle Park,2022,100,100,100.0,103,100.0,103.0,100,102,101,104,108,121,74,104,103,17437
14,Angels,Angel Stadium,2022,100,104,103.0,102,102.0,100.0,100,98,100,97,95,127,118,98,109,17206
15,Twins,Target Field,2022,100,100,104.0,101,103.0,100.0,100,101,100,100,102,59,97,110,103,17465
16,Orioles,Oriole Park at Camden Yards,2022,99,97,100.0,101,101.0,100.0,98,101,103,112,94,74,82,95,93,17316
17,Astros,Daikin Park,2022,99,101,100.0,98,100.0,101.0,98,97,97,93,97,92,112,103,107,18238
18,Braves,Truist Park,2022,99,103,106.0,104,104.0,107.0,98,99,100,103,94,54,102,100,112,17565
19,Cubs,Wrigley Field,2022,99,100,98.0,101,99.0,97.0,98,101,100,103,94,163,90,104,103,17303
20,Brewers,American Family Field,2022,98,101,102.0,97,100.0,96.0,96,96,93,85,97,90,121,107,114,17282
21,Cardinals,Busch Stadium,2022,98,94,100.0,95,99.0,100.0,96,99,99,100,99,87,92,99,87,17707
22,D-backs,Chase Field,2022,98,95,97.0,97,99.0,97.0,96,100,99,100,108,89,82,103,94,17143
23,Yankees,Yankee Stadium,2022,98,98,102.0,96,100.0,96.0,96,97,92,89,90,52,113,108,108,18417
24,Tigers,Comerica Park,2022,97,95,100.0,97,101.0,102.0,94,99,99,103,94,160,74,99,95,17125
25,Athletics,Oakland Coliseum,2022,97,93,94.0,95,96.0,94.0,94,98,98,97,113,126,76,97,92,17095
26,Guardians,Progressive Field,2022,96,94,96.0,96,97.0,94.0,92,97,97,101,93,62,87,93,97,17863
27,Mets,Citi Field,2022,96,95,98.0,98,99.0,95.0,92,98,95,102,82,83,85,102,104,17676
28,Rays,Tropicana Field,2022,96,97,95.0,97,97.0,95.0,92,95,95,94,101,95,91,93,106,16965
29,Mariners,T-Mobile Park,2022,93,95,97.0,94,97.0,95.0,86,92,92,92,86,50,108,92,110,17516
30,Padres,Petco Park,2022,92,91,98.0,92,99.0,99.0,85,94,91,97,76,48,95,99,105,18329
1,Rockies,Coors Field,2023,113,112,103.0,113,103.0,101.0,128,111,117,114,125,215,103,99,90,18282
2,Red Sox,Fenway Park,2023,108,107,100.0,109,100.0,102.0,117,108,111,110,128,114,92,99,93,17912
3,Rangers,Globe Life Field,2023,106,107,102.0,104,99.0,105.0,112,104,105,101,103,71,133,104,97,19412
4,Royals,Kauffman Stadium,2023,106,102,103.0,102,103.0,104.0,112,106,106,106,109,151,95,105,87,17889
5,Braves,Truist Park,2023,103,106,106.0,105,104.0,107.0,106,101,103,102,95,99,119,97,106,18058
6,Nationals,Nationals Park,2023,103,99,101.0,101,101.0,100.0,106,104,108,113,100,87,98,92,82,17543
7,Cardinals,Busch Stadium,2023,103,101,105.0,102,104.0,103.0,106,104,106,110,103,78,98,100,90,17939
8,Reds,Great American Ball Park,2023,102,103,97.0,99,98.0,96.0,104,101,98,94,89,97,127,105,102,17755
9,Marlins,loanDepot park,2023,101,101,101.0,103,102.0,98.0,102,102,106,109,110,89,87,90,98,17413
10,Cubs,Wrigley Field,2023,101,101,100.0,101,101.0,98.0,102,101,101,102,94,114,105,101,101,17628
11,Angels,Angel Stadium,2023,100,102,101.0,100,100.0,98.0,100,99,98,98,82,103,115,103,107,17966
12,Twins,Target Field,2023,100,105,102.0,102,99.0,101.0,100,99,98,92,110,121,107,101,112,18168
13,Astros,Daikin Park,2023,100,99,99.0,100,98.0,96.0,100,102,101,103,101,112,92,103,96,18949
14,Tigers,Comerica Park,2023,99,99,100.0,100,100.0,101.0,98,100,99,101,93,141,90,103,99,17518
15,White Sox,Rate Field,2023,99,100,100.0,101,102.0,99.0,98,100,100,105,88,55,98,98,104,18157
16,Dodgers,Dodger Stadium,2023,99,99,100.0,96,99.0,99.0,98,96,95,90,99,47,122,97,101,18242
17,D-backs,Chase Field,2023,99,98,96.0,100,98.0,100.0,98,99,102,103,106,209,79,98,98,19262
18,Yankees,Yankee Stadium,2023,99,99,103.0,96,101.0,103.0,98,97,95,91,91,45,123,102,102,17256
19,Phillies,Citizens Bank Park,2023,99,102,101.0,100,100.0,101.0,98,98,97,93,100,106,114,97,106,19048
20,Pirates,PNC Park,2023,98,96,100.0,99,101.0,101.0,96,101,100,103,111,91,71,101,96,17812
21,Brewers,American Family Field,2023,98,99,99.0,98,99.0,96.0,96,98,95,94,91,66,107,109,109,17825
22,Rays,Tropicana Field,2023,98,101,98.0,99,98.0,99.0,96,96,96,91,105,121,103,93,111,17740
23,Blue Jays,Rogers Centre,2023,97,97,97.0,97,97.0,97.0,94,98,95,93,103,55,95,106,101,17604
24,Mets,Citi Field,2023,97,95,98.0,94,97.0,100.0,94,98,91,91,82,61,104,111,103,17647
25,Padres,Petco Park,2023,96,94,99.0,95,99.0,99.0,92,98,94,95,98,49,89,110,100,17116
26,Orioles,Oriole Park at Camden Yards,2023,96,95,101.0,96,101.0,103.0,92,96,99,105,88,112,91,93,97,17765
27,Athletics,Oakland Coliseum,2023,96,96,97.0,96,96.0,94.0,92,97,93,91,100,110,88,108,104,17675
28,Guardians,Progressive Field,2023,94,92,98.0,95,101.0,96.0,88,97,98,101,110,105,67,96,95,17571
29,Giants,Oracle Park,2023,94,94,98.0,96,98.0,102.0,88,94,99,105,88,92,89,83,98,17067
30,Mariners,T-Mobile Park,2023,93,96,97.0,96,98.0,96.0,86,94,92,93,91,69,94,95,113,17578
1,Rockies,Coors Field,2024,110,110,100.0,111,102.0,102.0,121,110,115,117,110,176,105,103,92,17535
2,D-backs,Chase Field,2024,106,105,104.0,105,104.0,106.0,112,105,109,106,121,194,92,98,92,17899
3,Reds,Great American Ball Park,2024,105,106,99.0,104,100.0,95.0,110,103,103,98,112,59,124,103,102,17377
4,Twins,Target Field,2024,105,107,102.0,106,100.0,100.0,110,104,105,102,112,92,113,100,101,17468
5,Marlins,loanDepot park,2024,104,103,102.0,104,101.0,103.0,108,105,105,106,107,126,95,103,97,18425
6,Yankees,Yankee Stadium,2024,103,102,105.0,100,102.0,106.0,106,103,97,94,93,50,122,118,101,19440
7,Astros,Daikin Park,2024,103,103,100.0,102,100.0,99.0,106,102,102,100,99,64,116,101,100,17808
8,Pirates,PNC Park,2024,102,100,102.0,102,101.0,104.0,104,104,103,103,115,62,90,102,95,17884
9,Royals,Kauffman Stadium,2024,102,100,103.0,101,104.0,106.0,104,103,105,103,124,191,82,98,90,17713
10,Orioles,Oriole Park at Camden Yards,2024,102,102,104.0,102,102.0,107.0,104,101,104,105,97,136,104,90,98,18141
11,Guardians,Progressive Field,2024,102,103,99.0,102,100.0,98.0,104,101,101,96,121,44,106,101,101,18159
12,Red Sox,Fenway Park,2024,102,104,99.0,106,100.0,100.0,104,103,104,104,117,81,90,94,103,17800
13,Angels,Angel Stadium,2024,101,100,98.0,99,99.0,98.0,102,101,97,97,92,89,107,106,102,17339
14,Dodgers,Dodger Stadium,2024,100,98,101.0,95,101.0,100.0,100,98,97,94,90,65,121,101,95,19055
15,Phillies,Citizens Bank Park,2024,100,100,96.0,99,97.0,97.0,100,99,100,100,90,94,114,97,98,17779
16,Blue Jays,Rogers Centre,2024,100,99,99.0,99,100.0,99.0,100,100,102,100,114,90,100,94,95,17769
17,Braves,Truist Park,2024,99,101,102.0,103,102.0,100.0,98,100,101,105,97,100,88,100,108,17390
18,Nationals,Nationals Park,2024,99,97,99.0,98,99.0,98.0,98,99,100,104,92,79,93,96,93,17297
19,Mets,Citi Field,2024,99,98,100.0,95,99.0,101.0,98,99,92,87,96,81,108,116,105,18730
20,Padres,Petco Park,2024,99,101,102.0,99,100.0,100.0,98,96,99,97,95,69,123,87,102,18073
21,White Sox,Rate Field,2024,99,97,96.0,98,97.0,92.0,98,100,99,102,96,72,93,105,97,17820
22,Cardinals,Busch Stadium,2024,98,96,98.0,98,99.0,101.0,96,100,101,105,102,117,83,97,91,17190
23,Athletics,Oakland Coliseum,2024,98,97,99.0,99,98.0,98.0,96,100,99,101,104,89,82,105,99,17415
24,Tigers,Comerica Park,2024,97,96,97.0,97,98.0,96.0,94,97,97,99,89,141,92,93,98,17632
25,Giants,Oracle Park,2024,96,96,98.0,98,98.0,102.0,92,97,100,100,117,156,72,89,97,17471
26,Rays,Tropicana Field,2024,96,96,98.0,96,98.0,92.0,92,96,95,97,83,132,99,98,106,17729
27,Brewers,American Family Field,2024,96,100,100.0,98,100.0,99.0,92,96,94,94,78,114,111,102,113,17976
28,Rangers,Globe Life Field,2024,95,95,99.0,94,99.0,103.0,90,94,95,95,86,105,105,98,103,17307
29,Cubs,Wrigley Field,2024,91,91,97.0,93,97.0,98.0,83,93,91,96,78,107,85,100,106,17372
30,Mariners,T-Mobile Park,2024,89,94,101.0,94,101.0,98.0,79,90,88,90,80,58,89,97,122,16988
1,Rockies,Coors Field,2025,115,115,102.0,115,103.0,100.0,132,113,120,118,126,200,110,99,89,17969
2,Athletics,Sutter Health Park,2025,108,108,98.0,107,100.0,96.0,117,107,107,101,122,82,112,107,97,18074
3,Tigers,Comerica Park,2025,105,105,102.0,103,101.0,100.0,110,103,104,101,101,161,114,102,99,18224
4,Dodgers,Dodger Stadium,2025,104,105,104.0,100,103.0,103.0,108,101,99,92,98,79,137,107,102,19673
5,Red Sox,Fenway Park,2025,103,101,99.0,104,100.0,101.0,106,105,105,107,114,94,84,101,93,18089
6,Blue Jays,Rogers Centre,2025,103,102,102.0,100,101.0,103.0,106,101,102,100,100,69,118,101,94,19623
7,Orioles,Oriole Park at Camden Yards,2025,103,105,103.0,103,102.0,104.0,106,100,103,99,103,106,121,93,102,17724
8,D-backs,Chase Field,2025,102,100,100.0,100,101.0,101.0,104,102,102,98,113,218,90,100,92,17997
9,Rays,George M. Steinbrenner Field,2025,102,103,100.0,103,102.0,102.0,104,102,104,109,85,59,112,96,101,17419
10,Phillies,Citizens Bank Park,2025,102,106,99.0,105,100.0,101.0,104,100,104,102,99,109,117,92,107,17945
11,Angels,Angel Stadium,2025,101,104,100.0,102,99.0,101.0,102,101,99,99,93,96,111,99,106,17454
12,Nationals,Nationals Park,2025,101,101,103.0,102,103.0,106.0,102,101,104,108,98,125,93,93,96,17677
13,Braves,Truist Park,2025,101,102,102.0,102,102.0,101.0,102,101,101,103,94,83,105,100,104,17893
14,Twins,Target Field,2025,101,101,99.0,103,100.0,100.0,102,103,103,106,112,67,87,96,98,18161
15,Mets,Citi Field,2025,99,99,102.0,99,102.0,103.0,98,100,99,102,89,81,101,101,100,17636
16,Giants,Oracle Park,2025,99,98,98.0,101,98.0,94.0,98,100,103,107,102,111,84,96,97,17728
17,Yankees,Yankee Stadium,2025,99,97,101.0,95,98.0,103.0,98,99,92,90,86,91,111,115,101,18604
18,Reds,Great American Ball Park,2025,99,100,98.0,98,98.0,92.0,98,98,97,95,99,64,111,103,104,17251
19,White Sox,Rate Field,2025,98,96,99.0,96,99.0,101.0,96,99,96,98,91,65,96,106,96,17412
20,Brewers,American Family Field,2025,98,99,96.0,99,97.0,93.0,96,99,95,95,94,90,98,107,106,18501
21,Cubs,Wrigley Field,2025,98,99,102.0,97,101.0,104.0,96,97,96,94,89,132,111,98,103,17905
22,Royals,Kauffman Stadium,2025,97,95,100.0,96,100.0,102.0,94,98,100,99,106,212,83,98,91,17294
23,Marlins,loanDepot park,2025,97,95,99.0,96,100.0,99.0,94,98,98,99,101,148,84,97,96,17587
24,Astros,Daikin Park,2025,97,100,97.0,99,98.0,98.0,94,97,97,97,92,80,106,100,110,17268
25,Cardinals,Busch Stadium,2025,97,94,98.0,97,99.0,102.0,94,98,103,108,109,56,77,90,90,17317
26,Pirates,PNC Park,2025,96,96,100.0,99,101.0,101.0,92,99,100,101,117,108,66,95,100,17496
27,Padres,Petco Park,2025,95,94,98.0,95,97.0,97.0,90,97,92,96,82,83,91,110,104,17309
28,Guardians,Progressive Field,2025,95,96,98.0,97,99.0,95.0,90,97,95,98,91,63,88,103,106,17384
29,Rangers,Globe Life Field,2025,91,90,99.0,92,98.0,100.0,83,93,92,94,98,53,80,98,102,17232
30,Mariners,T-Mobile Park,2025,91,94,100.0,93,99.0,99.0,83,91,89,87,95,31,98,95,113,18923
