game_pk,game_date,season,away_team,game_start,start_hour,home_runs_scored,away_runs_scored,total_runs,home_runs_hit,strikeouts,walks,hits,total_pitches,avg_exit_velocity,n_barrels,n_bbe,barrel_rate,hr_h_ratio,temp_f,temp_c,rhum,pres,prcp,wspd,wspd_mph,wdir,wind_dir_bucket,wind_cf,wind_lcf,wind_rcf
631339,2020-08-05,2020,BAL,2020-07-27 19:10:00,19,2,1,3,0,11,5,8,183,81.1,0,35,0.0,0.0,82.9,28.3,84.3,1018.9,0.0,2.9,1.8,162.0,S,-1.86,-1.0,-2.5
631340,2020-08-06,2020,BAL,2020-07-28 19:10:00,19,8,7,15,5,12,2,21,264,86.1,7,60,0.1167,0.2381,81.6,27.6,87.0,1018.3,0.0,4.7,2.9,78.5,E,-3.87,-4.53,-2.74
631322,2020-08-14,2020,ATL,2020-08-14 19:10:00,19,8,2,10,1,14,8,19,285,80.5,2,55,0.0364,0.0526,85.2,29.5,65.3,1015.6,0.0,6.9,4.3,120.9,SE,-6.79,-6.04,-6.73
631330,2020-08-15,2020,ATL,2020-08-15 18:10:00,18,1,2,3,3,16,6,13,276,82.9,4,47,0.0851,0.2308,85.9,29.9,59.3,1014.3,0.0,6.7,4.2,194.4,S,-0.94,1.38,-3.15
631324,2020-08-16,2020,ATL,2020-08-16 13:10:00,13,0,4,4,0,27,4,10,283,79.1,1,35,0.0286,0.0,89.9,32.2,56.0,1014.8,0.0,11.3,7.0,166.7,S,-6.64,-3.09,-9.38
631325,2020-08-17,2020,NYM,2020-08-17 19:10:00,19,4,11,15,5,19,15,25,366,81.7,7,58,0.1207,0.2,83.3,28.5,72.3,1014.9,0.0,8.4,5.2,327.6,NW,6.87,4.8,8.11
631326,2020-08-18,2020,NYM,2020-08-18 19:10:00,19,3,8,11,3,16,6,21,301,84.9,5,58,0.0862,0.1429,84.9,29.4,76.0,1013.4,0.0,11.9,7.4,168.0,S,-6.74,-2.98,-9.69
631327,2020-08-19,2020,NYM,2020-08-19 19:10:00,19,3,5,8,1,20,6,17,297,80.9,1,50,0.02,0.0588,81.7,27.6,85.7,1013.0,0.0,9.4,5.8,107.6,E,-9.37,-9.08,-8.53
631341,2020-08-22,2020,WSH,2020-07-31 19:10:00,19,5,3,8,3,8,6,16,222,84.5,4,48,0.0833,0.1875,81.1,27.3,84.3,1014.9,0.2,15.5,9.6,23.3,NE,-0.22,-5.5,5.08
631323,2020-08-25,2020,NYM,2020-08-20 18:10:00,18,3,0,3,0,13,7,6,233,78.0,0,30,0.0,0.0,83.2,28.5,82.7,1013.0,3.3,9.0,5.6,173.3,S,-4.37,-1.43,-6.79
631304,2020-08-28,2020,TB,2020-08-28 19:10:00,19,0,2,2,0,20,4,15,247,78.8,1,46,0.0217,0.0,83.8,28.8,82.0,1017.1,0.0,6.9,4.3,175.0,S,-3.19,-0.9,-5.09
631319,2020-08-29,2020,TB,2020-08-29 18:10:00,18,0,4,4,0,18,3,11,262,79.9,2,46,0.0435,0.0,84.9,29.4,75.7,1015.1,0.0,12.2,7.6,191.0,S,-2.44,1.81,-6.39
631306,2020-08-30,2020,TB,2020-08-30 13:10:00,13,7,12,19,7,11,10,22,325,84.9,9,64,0.1406,0.3182,88.4,31.3,63.3,1014.0,0.2,10.4,6.4,172.7,S,-5.15,-1.76,-7.92
631307,2020-09-01,2020,TOR,2020-09-01 18:40:00,18,3,2,5,2,16,5,13,212,85.0,3,44,0.0682,0.1538,84.9,29.4,75.0,1016.2,0.0,9.0,5.6,96.6,E,-8.66,-8.98,-7.29
631308,2020-09-02,2020,TOR,2020-09-02 18:40:00,18,1,2,3,1,15,3,13,242,83.5,1,50,0.02,0.0769,83.7,28.7,82.7,1014.9,0.1,13.2,8.2,54.6,NE,-7.03,-10.44,-2.78
631309,2020-09-10,2020,PHI,2020-09-10 18:40:00,18,7,6,13,1,11,12,20,323,83.0,5,61,0.082,0.05,80.7,27.1,89.0,1015.0,0.2,4.9,3.1,15.5,N,0.6,-1.11,2.24
631310,2020-09-11,2020,PHI,2020-09-11 17:10:00,17,0,11,11,2,17,0,16,239,84.3,2,41,0.0488,0.125,79.3,26.3,86.7,1009.4,2.7,7.5,4.6,58.7,NE,-4.41,-6.2,-2.08
631318,2020-09-11,2020,PHI,2020-08-04 19:10:00,19,5,3,8,1,11,4,21,225,83.6,2,47,0.0426,0.0476,82.3,27.9,85.3,1016.3,3.6,6.2,3.9,99.9,E,-6.05,-6.15,-5.22
631311,2020-09-12,2020,PHI,2020-09-12 18:10:00,18,6,12,18,4,13,11,23,332,82.7,2,62,0.0323,0.1739,78.1,25.6,89.0,1009.9,5.4,25.2,15.6,171.7,S,-12.9,-4.73,-19.51
631312,2020-09-13,2020,PHI,2020-09-13 13:10:00,13,2,1,3,0,14,6,7,194,84.2,1,30,0.0333,0.0,84.6,29.2,76.7,1012.0,0.2,16.8,10.4,138.0,SE,-15.13,-11.75,-16.69
631320,2020-09-13,2020,PHI,2020-08-05 19:10:00,19,8,1,9,2,14,5,16,227,83.4,3,37,0.0811,0.125,82.2,27.9,88.7,1016.8,0.1,3.5,2.2,81.5,E,-3.03,-3.47,-2.22
631321,2020-09-14,2020,PHI,2020-08-06 19:10:00,19,6,2,8,4,20,2,13,269,83.6,3,44,0.0682,0.3077,82.6,28.1,85.7,1017.6,1.7,2.5,1.6,191.0,S,-0.5,0.37,-1.31
631314,2020-09-15,2020,BOS,2020-09-15 18:40:00,18,0,2,2,0,20,7,11,283,81.7,3,43,0.0698,0.0,82.5,28.0,83.7,1015.4,0.0,5.6,3.5,133.0,SE,-5.21,-4.23,-5.57
631315,2020-09-16,2020,BOS,2020-09-16 18:40:00,18,8,4,12,4,20,7,19,321,81.2,5,50,0.1,0.2105,82.6,28.1,80.3,1014.2,0.0,7.6,4.7,156.0,SE,-5.51,-3.39,-6.97
631313,2020-09-17,2020,BOS,2020-09-17 13:10:00,13,3,5,8,1,23,4,17,290,84.1,4,46,0.087,0.0588,85.5,29.7,72.0,1012.5,0.3,18.6,11.6,184.3,S,-5.8,0.6,-11.49
631316,2020-09-18,2020,WSH,2020-09-18 17:10:00,17,0,5,5,0,11,5,12,217,81.4,1,41,0.0244,0.0,83.4,28.6,80.3,1011.7,0.3,7.4,4.6,289.4,W,7.42,7.11,6.84
631342,2020-09-18,2020,WSH,2020-08-01 18:10:00,18,14,3,17,4,10,7,18,264,84.5,5,47,0.1064,0.2222,80.4,26.9,86.7,1009.9,0.8,26.2,16.3,15.7,N,3.12,-5.97,11.84
631317,2020-09-19,2020,WSH,2020-09-19 18:10:00,18,7,3,10,2,18,6,20,293,79.0,3,50,0.06,0.1,82.2,27.9,83.0,1012.3,1.0,8.0,5.0,267.4,W,7.24,7.97,5.65
631305,2020-09-20,2020,WSH,2020-09-20 13:10:00,13,2,1,3,0,12,5,12,251,81.0,2,40,0.05,0.0,85.7,29.8,78.3,1012.0,1.8,5.2,3.3,128.7,SE,-5.03,-4.22,-5.22
631329,2020-09-20,2020,WSH,2020-08-02 13:10:00,13,0,15,15,5,7,7,20,267,84.0,7,55,0.1273,0.25,83.6,28.7,80.7,1009.4,1.4,19.6,12.2,236.3,SW,10.89,15.8,4.68
634652,2021-04-01,2021,TB,2021-04-01 16:10:00,16,0,1,1,1,21,4,8,259,82.9,1,41,0.0244,0.125,76.2,24.5,73.3,1014.3,1.8,12.1,7.5,199.2,S,-0.69,3.47,-4.77
634602,2021-04-02,2021,TB,2021-04-02 19:10:00,19,4,6,10,3,14,6,18,283,81.0,4,55,0.0727,0.1667,67.8,19.9,56.7,1021.9,0.0,27.3,17.0,23.3,NE,-0.4,-9.72,8.97
634596,2021-04-03,2021,TB,2021-04-03 18:10:00,18,12,7,19,3,16,6,23,295,81.3,3,57,0.0526,0.1304,68.5,20.3,57.7,1024.3,0.0,24.7,15.4,53.7,NE,-12.8,-19.27,-4.79
634562,2021-04-05,2021,STL,2021-04-05 18:40:00,18,1,4,5,1,20,5,10,297,83.3,1,43,0.0233,0.1,70.9,21.6,52.7,1019.7,0.0,17.5,10.9,77.3,E,-14.33,-16.92,-10.01
634594,2021-04-06,2021,STL,2021-04-06 18:40:00,18,2,4,6,1,22,10,13,324,80.9,3,45,0.0667,0.0769,72.4,22.4,59.3,1018.5,0.0,14.7,9.1,93.0,E,-13.83,-14.67,-11.32
634585,2021-04-07,2021,STL,2021-04-07 16:10:00,16,0,7,7,2,18,9,11,306,82.3,6,45,0.1333,0.1818,75.1,24.0,50.0,1016.4,0.0,21.0,13.0,106.0,E,-20.83,-20.39,-18.76
634519,2021-04-16,2021,SF,2021-04-16 19:10:00,19,4,1,5,2,10,4,12,248,82.5,2,52,0.0385,0.1667,76.5,24.7,83.0,1012.1,0.0,12.9,8.0,186.0,S,-3.66,0.79,-7.67
634450,2021-04-17,2021,SF,2021-04-17 18:10:00,18,7,6,13,2,21,6,25,345,81.6,2,62,0.0323,0.08,83.0,28.3,50.7,1011.7,0.0,15.9,9.9,254.0,W,12.41,15.05,8.29
634425,2021-04-18,2021,SF,2021-04-18 13:10:00,13,0,1,1,0,20,4,10,263,79.2,3,44,0.0682,0.0,83.2,28.5,68.0,1013.0,0.2,21.3,13.3,166.3,S,-12.59,-5.94,-17.72
634427,2021-04-20,2021,BAL,2021-04-20 18:40:00,18,5,7,12,2,17,7,20,311,80.8,4,58,0.069,0.1,79.3,26.3,84.3,1013.8,0.0,13.0,8.1,190.7,S,-2.65,1.85,-6.83
634497,2021-04-21,2021,BAL,2021-04-21 13:10:00,13,3,0,3,0,16,4,13,244,80.8,1,45,0.0222,0.0,81.3,27.4,73.3,1015.4,5.1,10.1,6.3,222.0,SW,3.37,6.41,-0.08
634245,2021-05-04,2021,AZ,2021-05-04 18:40:00,18,9,3,12,3,18,6,21,307,80.1,3,54,0.0556,0.1429,81.3,27.4,75.3,1015.3,0.0,16.7,10.4,170.7,S,-8.81,-3.42,-13.13
634249,2021-05-05,2021,AZ,2021-05-05 18:40:00,18,8,0,8,1,20,5,15,290,84.1,2,46,0.0435,0.0667,81.2,27.3,68.3,1016.8,0.0,15.4,9.6,167.0,S,-8.94,-4.12,-12.69
634291,2021-05-06,2021,AZ,2021-05-06 18:40:00,18,3,1,4,2,16,3,10,259,81.9,3,45,0.0667,0.2,79.3,26.3,78.3,1016.5,9.9,7.1,4.4,236.6,SW,4.0,5.78,1.74
634195,2021-05-07,2021,MIL,2021-05-07 19:10:00,19,6,1,7,1,18,5,15,285,79.3,1,45,0.0222,0.0667,72.1,22.3,90.0,1016.8,1.8,13.5,8.4,94.9,E,-12.9,-13.52,-10.72
634215,2021-05-08,2021,MIL,2021-05-08 18:10:00,18,2,6,8,3,28,2,17,270,82.4,3,43,0.0698,0.1765,76.4,24.7,73.7,1017.8,0.2,16.9,10.5,84.3,E,-14.9,-16.73,-11.27
634207,2021-05-09,2021,MIL,2021-05-09 13:10:00,13,1,2,3,2,23,5,13,302,82.1,3,48,0.0625,0.1538,79.7,26.5,77.0,1019.3,0.0,18.6,11.6,121.0,SE,-18.43,-16.38,-18.26
634089,2021-05-21,2021,NYM,2021-05-21 19:10:00,19,5,6,11,1,25,8,19,369,82.2,2,60,0.0333,0.0526,76.9,24.9,61.7,1022.3,0.0,23.2,14.4,66.0,NE,-15.97,-20.76,-9.26
633999,2021-05-22,2021,NYM,2021-05-22 16:10:00,16,3,1,4,1,24,5,12,261,80.5,2,40,0.05,0.0833,79.9,26.6,52.7,1020.5,0.0,28.7,17.8,77.3,E,-23.43,-27.67,-16.37
633998,2021-05-23,2021,NYM,2021-05-23 13:10:00,13,5,1,6,0,12,3,13,251,81.5,0,51,0.0,0.0,82.0,27.8,49.0,1021.0,0.0,19.6,12.2,86.7,E,-17.61,-19.47,-13.63
633976,2021-05-24,2021,PHI,2021-05-24 18:40:00,18,9,6,15,2,15,6,21,295,80.9,3,56,0.0536,0.0952,78.2,25.7,56.7,1020.5,0.0,14.3,8.9,94.7,E,-13.64,-14.32,-11.32
633969,2021-05-25,2021,PHI,2021-05-25 18:40:00,18,0,2,2,1,13,5,7,242,84.4,1,44,0.0227,0.1429,78.1,25.6,60.3,1021.5,0.0,15.9,9.9,79.0,E,-13.26,-15.46,-9.46
633901,2021-05-26,2021,PHI,2021-05-26 18:40:00,18,4,2,6,0,14,7,12,295,81.6,1,50,0.02,0.0,79.2,26.2,64.7,1020.5,0.0,12.3,7.6,85.0,E,-10.91,-12.19,-8.31
633957,2021-05-27,2021,PHI,2021-05-27 12:10:00,12,2,3,5,1,16,10,10,286,82.7,3,44,0.0682,0.1,83.8,28.8,47.7,1019.8,0.0,13.4,8.3,110.0,E,-13.39,-12.78,-12.38
633813,2021-06-08,2021,COL,2021-06-08 19:10:00,19,6,2,8,0,20,2,18,241,81.0,2,46,0.0435,0.0,81.1,27.3,69.0,1019.6,0.0,13.0,8.1,94.7,E,-12.38,-12.99,-10.27
633738,2021-06-09,2021,COL,2021-06-09 19:10:00,19,3,4,7,1,20,7,19,327,80.0,1,49,0.0204,0.0526,81.4,27.4,70.7,1018.8,0.0,16.4,10.2,91.7,E,-15.33,-16.4,-12.41
633748,2021-06-10,2021,COL,2021-06-10 19:10:00,19,11,4,15,4,19,4,23,279,83.1,5,55,0.0909,0.1739,82.0,27.8,71.0,1016.8,0.0,11.8,7.3,132.7,SE,-11.08,-9.02,-11.8
633782,2021-06-11,2021,ATL,2021-06-11 19:10:00,19,4,3,7,0,17,11,14,305,83.6,1,47,0.0213,0.0,81.9,27.7,77.0,1014.9,0.0,14.0,8.7,174.7,S,-6.54,-1.91,-10.38
633704,2021-06-12,2021,ATL,2021-06-12 16:10:00,16,4,2,6,3,15,3,15,248,80.2,3,48,0.0625,0.2,83.3,28.5,73.3,1012.0,0.2,16.5,10.3,203.2,SW,0.21,5.85,-5.46
633805,2021-06-13,2021,ATL,2021-06-13 13:10:00,13,4,6,10,2,17,8,18,327,80.3,3,53,0.0566,0.1111,89.4,31.9,56.0,1012.5,0.2,14.9,9.2,228.7,SW,6.56,10.73,1.6
633571,2021-06-22,2021,TOR,2021-06-22 19:10:00,19,1,2,3,1,16,2,10,225,80.1,2,48,0.0417,0.1,82.8,28.2,82.0,1018.0,0.0,17.5,10.9,179.3,S,-6.87,-0.97,-11.95
633513,2021-06-23,2021,TOR,2021-06-23 19:10:00,19,1,3,4,1,19,4,13,287,80.6,2,49,0.0408,0.0769,78.6,25.9,88.3,1019.7,0.0,9.8,6.1,11.7,N,1.84,-1.57,5.02
633548,2021-06-24,2021,WSH,2021-06-24 19:10:00,19,3,7,10,3,24,10,14,304,83.4,5,42,0.119,0.2143,80.2,26.8,79.3,1018.2,0.2,11.0,6.8,67.3,NE,-7.72,-9.92,-4.59
633591,2021-06-25,2021,WSH,2021-06-25 19:10:00,19,11,2,13,3,17,7,19,297,85.7,5,52,0.0962,0.1579,80.0,26.7,80.3,1017.4,0.0,10.4,6.4,72.0,E,-7.88,-9.71,-5.1
633552,2021-06-26,2021,WSH,2021-06-26 16:10:00,16,3,2,5,1,21,4,13,251,84.8,1,43,0.0233,0.0769,79.9,26.6,80.7,1016.3,0.3,16.3,10.1,75.3,E,-12.96,-15.54,-8.82
633489,2021-06-27,2021,WSH,2021-06-27 13:10:00,13,1,5,6,2,16,7,12,273,82.6,3,46,0.0652,0.1667,85.6,29.8,59.7,1016.6,0.0,18.5,11.5,78.0,E,-15.27,-17.94,-10.76
633361,2021-07-05,2021,LAD,2021-07-05 18:40:00,18,5,4,9,1,22,9,16,332,82.4,4,46,0.087,0.0625,79.1,26.2,88.7,1017.5,1.1,12.6,7.8,112.7,SE,-12.6,-11.83,-11.85
633376,2021-07-06,2021,LAD,2021-07-06 19:10:00,19,2,1,3,0,21,8,17,371,83.3,2,53,0.0377,0.0,80.7,27.0,87.7,1016.1,0.0,18.8,11.7,121.0,SE,-18.56,-16.49,-18.39
633333,2021-07-07,2021,LAD,2021-07-07 19:10:00,19,9,6,15,8,25,5,19,315,84.0,9,47,0.1915,0.4211,81.8,27.7,81.3,1017.0,0.0,10.9,6.8,147.3,SE,-8.95,-6.28,-10.54
633334,2021-07-08,2021,LAD,2021-07-08 12:10:00,12,1,6,7,1,18,4,19,304,80.1,2,56,0.0357,0.0526,86.0,30.0,67.7,1019.4,0.2,15.5,9.7,165.7,S,-9.31,-4.5,-13.0
633336,2021-07-09,2021,ATL,2021-07-09 19:10:00,19,0,5,5,1,19,8,12,288,83.5,4,47,0.0851,0.0833,83.0,28.3,83.0,1020.3,0.0,5.5,3.4,94.7,E,-5.24,-5.5,-4.34
633312,2021-07-10,2021,ATL,2021-07-10 16:10:00,16,4,5,9,2,21,4,18,297,84.6,5,51,0.098,0.1111,82.7,28.2,77.0,1018.5,0.3,11.4,7.1,63.0,NE,-7.43,-9.95,-4.0
633324,2021-07-11,2021,ATL,2021-07-11 13:10:00,13,7,4,11,3,22,7,18,296,80.8,3,46,0.0652,0.1667,85.6,29.8,62.3,1019.8,0.1,15.8,9.8,114.7,SE,-15.79,-14.63,-15.04
633269,2021-07-22,2021,SD,2021-07-22 19:10:00,19,2,3,5,0,16,14,11,326,83.8,2,48,0.0417,0.0,85.0,29.4,78.3,1020.3,0.0,8.8,5.5,130.3,SE,-8.38,-6.95,-8.79
633164,2021-07-23,2021,SD,2021-07-23 19:10:00,19,2,5,7,2,14,4,16,309,84.2,2,55,0.0364,0.125,82.0,27.8,81.7,1017.5,0.2,10.1,6.3,262.8,W,8.75,9.92,6.52
633210,2021-07-24,2021,SD,2021-07-24 18:10:00,18,3,2,5,2,23,6,12,259,83.5,3,37,0.0811,0.1667,80.0,26.7,86.7,1014.2,6.7,6.0,3.7,297.5,NW,5.98,5.44,5.79
633135,2021-07-25,2021,SD,2021-07-25 13:10:00,13,9,3,12,5,21,5,17,287,83.9,2,45,0.0444,0.2941,85.8,29.9,70.7,1013.5,0.2,14.2,8.8,150.3,SE,-11.21,-7.56,-13.52
633073,2021-07-30,2021,NYY,2021-07-30 19:10:00,19,1,3,4,1,18,7,15,291,80.9,1,47,0.0213,0.0667,84.9,29.4,75.3,1018.0,0.0,9.7,6.0,175.3,S,-4.43,-1.21,-7.11
633092,2021-07-31,2021,NYY,2021-07-31 18:10:00,18,2,4,6,1,21,8,11,292,83.5,3,44,0.0682,0.0909,86.4,30.2,64.3,1018.1,0.0,11.1,6.9,166.3,S,-6.53,-3.08,-9.19
633069,2021-08-01,2021,NYY,2021-08-01 13:10:00,13,1,3,4,0,21,3,11,266,80.1,3,43,0.0698,0.0,87.7,31.0,66.3,1018.5,0.3,12.8,7.9,174.3,S,-6.03,-1.81,-9.51
633079,2021-08-02,2021,NYM,2021-08-02 19:10:00,19,6,3,9,2,14,6,14,296,82.0,3,51,0.0588,0.1429,84.6,29.2,73.0,1017.5,0.1,11.2,6.9,189.9,S,-2.43,1.45,-6.01
633049,2021-08-03,2021,NYM,2021-08-03 19:10:00,19,5,4,9,2,14,6,15,236,85.1,4,50,0.08,0.1333,77.8,25.5,87.7,1018.2,3.2,14.9,9.3,278.6,W,14.46,14.82,12.36
633021,2021-08-04,2021,NYM,2021-08-04 19:10:00,19,3,5,8,2,21,4,18,314,80.9,4,53,0.0755,0.1111,80.5,26.9,89.7,1017.9,0.0,4.4,2.7,39.9,NE,-1.31,-2.67,0.2
633033,2021-08-05,2021,NYM,2021-08-05 12:10:00,12,4,2,6,0,15,10,17,312,81.5,0,51,0.0,0.0,85.9,30.0,71.0,1018.7,0.6,13.2,8.2,162.0,S,-8.55,-4.61,-11.46
632930,2021-08-13,2021,CHC,2021-08-13 19:10:00,19,14,10,24,7,24,11,30,401,81.9,6,56,0.1071,0.2333,82.2,27.9,80.3,1017.4,0.2,15.8,9.8,101.8,E,-15.49,-15.56,-13.55
632941,2021-08-14,2021,CHC,2021-08-14 18:10:00,18,5,4,9,1,18,2,14,278,80.1,1,47,0.0213,0.0714,78.7,25.9,88.3,1017.3,1.5,9.8,6.1,100.0,E,-9.57,-9.72,-8.27
632874,2021-08-15,2021,CHC,2021-08-15 13:10:00,13,4,1,5,3,19,3,16,281,81.8,3,48,0.0625,0.1875,85.2,29.6,64.7,1016.0,0.0,16.2,10.1,117.3,SE,-16.14,-14.7,-15.64
632858,2021-08-16,2021,ATL,2021-08-16 19:10:00,19,2,12,14,4,21,13,18,331,82.8,5,51,0.098,0.2222,83.1,28.4,81.0,1014.7,0.0,8.3,5.2,156.3,SE,-6.02,-3.68,-7.63
632872,2021-08-17,2021,ATL,2021-08-17 19:10:00,19,0,2,2,1,18,3,10,241,82.3,1,44,0.0227,0.1,82.3,27.9,86.3,1017.0,0.0,9.2,5.7,64.0,NE,-6.12,-8.11,-3.38
632865,2021-08-18,2021,ATL,2021-08-18 19:10:00,19,9,11,20,2,21,15,22,374,83.4,3,54,0.0556,0.0909,84.1,28.9,74.7,1018.9,0.0,8.3,5.2,100.3,E,-8.15,-8.26,-7.05
632789,2021-08-24,2021,WSH,2021-08-24 19:10:00,19,1,5,6,2,24,4,19,306,81.1,4,47,0.0851,0.1053,84.1,29.0,75.0,1015.9,0.0,5.3,3.3,92.3,E,-5.01,-5.33,-4.07
632760,2021-08-25,2021,WSH,2021-08-25 19:10:00,19,4,3,7,3,13,9,15,284,81.0,5,56,0.0893,0.2,79.6,26.5,80.3,1014.6,0.5,22.3,13.9,72.3,E,-17.07,-20.96,-11.11
632754,2021-08-26,2021,WSH,2021-08-26 19:10:00,19,7,5,12,3,16,7,21,304,82.3,2,56,0.0357,0.1429,82.4,28.0,83.0,1014.7,0.2,15.8,9.8,74.0,E,-12.39,-15.02,-8.27
632742,2021-08-27,2021,CIN,2021-08-27 19:10:00,19,0,6,6,2,13,4,15,256,81.7,5,54,0.0926,0.1333,83.5,28.6,73.0,1014.9,0.0,16.5,10.3,105.3,E,-16.37,-16.09,-14.68
632757,2021-08-28,2021,CIN,2021-08-28 18:10:00,18,6,1,7,1,20,3,20,281,82.9,6,49,0.1224,0.05,84.0,28.9,75.7,1017.1,0.0,9.6,6.0,152.1,SE,-7.43,-4.88,-9.08
632684,2021-08-29,2021,CIN,2021-08-29 13:10:00,13,2,1,3,1,18,5,6,252,79.2,3,35,0.0857,0.1667,86.3,30.2,69.3,1017.7,0.3,12.7,7.9,116.7,SE,-12.7,-11.62,-12.25
632621,2021-09-03,2021,PHI,2021-09-03 19:10:00,19,10,3,13,2,10,7,16,268,83.1,1,54,0.0185,0.125,79.4,26.3,90.7,1014.8,0.5,4.6,2.9,249.7,W,3.37,4.24,2.1
632626,2021-09-04,2021,PHI,2021-09-04 18:10:00,18,3,2,5,2,21,6,13,276,79.4,3,42,0.0714,0.1538,79.8,26.6,86.3,1013.8,0.1,8.0,5.0,268.1,W,7.25,7.94,5.69
632602,2021-09-05,2021,PHI,2021-09-05 13:10:00,13,3,4,7,3,21,6,8,304,79.0,1,47,0.0213,0.375,83.3,28.5,77.3,1014.7,3.6,10.0,6.2,235.3,SW,5.44,8.0,2.23
632572,2021-09-07,2021,NYM,2021-09-07 18:40:00,18,4,9,13,2,15,7,16,336,84.2,4,59,0.0678,0.125,78.4,25.8,90.3,1015.2,0.5,4.7,2.9,337.5,NW,3.3,1.97,4.23
632574,2021-09-08,2021,NYM,2021-09-08 18:40:00,18,2,1,3,1,25,4,14,268,83.6,3,45,0.0667,0.0714,82.5,28.1,81.3,1014.1,0.0,4.9,3.0,181.2,S,-1.78,-0.11,-3.24
632536,2021-09-09,2021,NYM,2021-09-09 18:40:00,18,3,2,5,2,20,5,11,258,80.7,4,39,0.1026,0.1818,80.6,27.0,81.7,1013.9,0.0,5.6,3.5,240.8,SW,3.45,4.74,1.75
632460,2021-09-17,2021,PIT,2021-09-17 19:10:00,19,1,2,3,0,18,8,12,288,84.8,3,47,0.0638,0.0,77.2,25.1,92.7,1019.3,11.5,8.2,5.1,285.0,W,8.13,8.01,7.27
632448,2021-09-18,2021,PIT,2021-09-18 18:10:00,18,3,6,9,1,19,8,16,309,80.3,5,49,0.102,0.0625,80.1,26.7,88.7,1016.3,0.1,4.1,2.5,3.4,N,1.34,-0.06,2.59
632411,2021-09-19,2021,PIT,2021-09-19 13:10:00,13,6,5,11,2,17,7,16,323,81.5,2,56,0.0357,0.125,83.6,28.7,78.0,1015.2,3.2,8.4,5.2,97.7,E,-8.09,-8.33,-6.87
632408,2021-09-20,2021,WSH,2021-09-20 18:40:00,18,8,7,15,4,16,10,21,367,82.3,7,61,0.1148,0.1905,79.7,26.5,87.0,1016.2,4.9,6.0,3.7,56.3,NE,-3.35,-4.87,-1.44
632379,2021-09-21,2021,WSH,2021-09-21 18:40:00,18,1,7,8,1,16,7,14,286,83.2,1,52,0.0192,0.0714,77.8,25.4,92.3,1015.8,1.3,13.5,8.4,18.0,N,1.06,-3.6,5.6
632385,2021-09-22,2021,WSH,2021-09-22 18:40:00,18,5,7,12,5,20,5,23,310,82.5,8,56,0.1429,0.2174,78.3,25.7,90.3,1012.1,0.1,6.1,3.8,303.5,NW,6.02,5.26,6.06
632271,2021-10-01,2021,PHI,2021-10-01 19:10:00,19,0,5,5,2,23,5,15,273,82.2,4,42,0.0952,0.1333,80.8,27.1,67.7,1017.9,0.0,14.8,9.2,58.0,NE,-8.61,-12.22,-3.96
632263,2021-10-02,2021,PHI,2021-10-02 18:10:00,18,3,1,4,1,19,5,13,260,81.2,1,42,0.0238,0.0769,80.8,27.1,67.0,1016.5,0.1,20.7,12.8,72.3,E,-15.79,-19.4,-10.28
632246,2021-10-03,2021,PHI,2021-10-03 15:10:00,15,5,4,9,3,22,4,15,252,83.2,1,42,0.0238,0.2,84.1,28.9,53.7,1013.7,0.0,18.3,11.4,81.7,E,-15.74,-18.01,-11.58
661418,2022-04-14,2022,PHI,2022-04-14 18:40:00,18,4,3,7,1,14,7,17,282,81.3,3,51,0.0588,0.0588,78.9,26.0,73.7,1015.8,0.1,11.9,7.4,135.3,SE,-10.97,-8.72,-11.89
661417,2022-04-15,2022,PHI,2022-04-15 18:40:00,18,7,1,8,1,14,7,19,316,84.1,4,54,0.0741,0.0526,74.1,23.4,86.3,1016.4,0.8,11.6,7.2,110.5,E,-11.59,-11.03,-10.75
661416,2022-04-16,2022,PHI,2022-04-16 18:10:00,18,3,10,13,2,19,9,19,329,84.6,3,53,0.0566,0.1053,75.7,24.3,79.3,1015.7,0.1,14.0,8.7,104.0,E,-13.88,-13.75,-12.34
661415,2022-04-17,2022,PHI,2022-04-17 13:40:00,13,11,3,14,2,15,8,21,319,79.4,1,57,0.0175,0.0952,80.7,27.0,69.3,1014.4,0.3,18.5,11.5,109.0,E,-18.5,-17.77,-17.0
661405,2022-04-19,2022,STL,2022-04-19 18:40:00,18,1,5,6,1,16,5,16,290,82.3,3,52,0.0577,0.0625,76.0,24.4,79.0,1017.0,0.1,20.3,12.6,34.7,NE,-4.29,-10.83,2.77
661404,2022-04-20,2022,STL,2022-04-20 18:40:00,18,0,2,2,1,19,4,10,270,81.5,0,44,0.0,0.1,74.6,23.7,67.3,1021.0,0.1,19.6,12.2,55.7,NE,-10.72,-15.69,-4.47
661391,2022-04-21,2022,STL,2022-04-21 18:40:00,18,5,0,5,2,18,4,12,262,81.4,4,44,0.0909,0.1667,74.7,23.7,65.0,1022.1,0.0,25.8,16.0,43.0,NE,-9.04,-16.76,-0.23
661390,2022-04-29,2022,SEA,2022-04-29 18:40:00,18,8,6,14,2,18,4,20,301,82.3,5,51,0.098,0.1,72.0,22.2,83.0,1016.5,1.8,10.8,6.7,54.5,NE,-5.72,-8.51,-2.24
661389,2022-04-30,2022,SEA,2022-04-30 18:10:00,18,3,1,4,1,21,8,11,266,83.2,1,38,0.0263,0.0909,74.2,23.5,81.7,1016.5,0.4,9.3,5.8,90.8,E,-8.61,-9.26,-6.92
661365,2022-05-01,2022,SEA,2022-05-01 13:40:00,13,3,7,10,4,17,9,22,330,81.1,4,55,0.0727,0.1818,79.8,26.6,63.0,1017.5,0.0,14.6,9.1,85.7,E,-13.0,-14.46,-9.97
661362,2022-05-02,2022,AZ,2022-05-02 18:40:00,18,4,5,9,1,18,4,17,311,83.1,2,50,0.04,0.0588,78.1,25.6,69.7,1017.3,0.0,14.7,9.1,94.0,E,-13.91,-14.66,-11.48
661364,2022-05-03,2022,AZ,2022-05-03 18:40:00,18,4,5,9,2,17,7,15,312,83.7,2,52,0.0385,0.1333,78.2,25.7,76.0,1016.6,0.1,6.2,3.9,92.7,E,-5.87,-6.23,-4.79
661363,2022-05-04,2022,AZ,2022-05-04 12:40:00,12,7,8,15,5,19,9,19,309,81.6,5,52,0.0962,0.2632,79.0,26.1,73.3,1018.1,1.3,13.5,8.4,127.5,SE,-13.01,-11.03,-13.42
661361,2022-05-13,2022,MIL,2022-05-13 18:40:00,18,1,2,3,2,23,1,11,261,82.3,4,41,0.0976,0.1818,77.7,25.4,76.7,1013.5,0.2,8.3,5.2,144.6,SE,-7.06,-5.12,-8.15
661414,2022-05-14,2022,MIL,2022-05-14 18:10:00,18,9,3,12,5,20,4,19,320,81.9,5,50,0.1,0.2632,75.7,24.3,83.0,1013.5,0.5,13.9,8.6,91.6,E,-12.99,-13.9,-10.51
661403,2022-05-15,2022,MIL,2022-05-15 13:40:00,13,3,7,10,4,20,8,14,324,82.4,4,50,0.08,0.2857,85.0,29.4,60.0,1013.2,2.1,11.7,7.2,139.7,SE,-10.37,-7.92,-11.57
661402,2022-05-16,2022,WSH,2022-05-16 18:40:00,18,8,2,10,1,12,4,21,273,82.0,4,57,0.0702,0.0476,75.3,24.0,83.7,1014.1,1.8,15.5,9.7,212.7,SW,2.74,7.81,-2.65
661401,2022-05-17,2022,WSH,2022-05-17 18:40:00,18,5,1,6,2,15,4,18,293,79.8,5,52,0.0962,0.1111,78.6,25.9,79.0,1015.6,1.4,7.2,4.5,184.5,S,-2.23,0.25,-4.45
661400,2022-05-18,2022,WSH,2022-05-18 18:40:00,18,4,5,9,1,16,9,16,330,81.9,4,58,0.069,0.0625,81.9,27.7,68.3,1015.6,0.0,13.7,8.5,141.0,SE,-12.07,-9.1,-13.58
661339,2022-05-20,2022,ATL,2022-05-20 18:40:00,18,3,5,8,4,19,6,19,327,84.8,9,53,0.1698,0.2105,75.2,24.0,87.7,1019.5,5.4,17.5,10.9,82.8,E,-15.21,-17.25,-11.33
661399,2022-05-21,2022,ATL,2022-05-21 18:10:00,18,3,4,7,2,19,9,17,321,82.9,4,49,0.0816,0.1176,83.4,28.5,76.3,1020.7,0.0,14.7,9.1,112.7,SE,-14.67,-13.77,-13.8
661398,2022-05-22,2022,ATL,2022-05-22 13:40:00,13,4,3,7,0,16,6,14,251,83.6,3,49,0.0612,0.0,86.6,30.3,59.7,1021.7,0.0,20.1,12.5,116.0,SE,-20.1,-18.46,-19.3
661397,2022-06-02,2022,SF,2022-06-02 18:40:00,18,3,0,3,0,17,6,10,268,82.9,1,42,0.0238,0.0,78.2,25.7,82.7,1011.4,0.0,5.9,3.7,83.9,E,-5.18,-5.83,-3.9
661396,2022-06-03,2022,SF,2022-06-03 18:40:00,18,6,15,21,7,25,9,22,342,85.1,6,52,0.1154,0.3182,75.3,24.1,88.3,1009.9,10.9,19.1,11.9,144.3,SE,-16.26,-11.83,-18.73
661395,2022-06-04,2022,SF,2022-06-04 16:10:00,16,5,4,9,1,17,4,11,284,80.7,2,45,0.0444,0.0909,79.6,26.5,87.0,1002.2,3.9,22.5,14.0,218.3,SW,6.13,13.16,-1.63
661394,2022-06-05,2022,SF,2022-06-05 13:40:00,13,1,5,6,2,18,5,14,311,80.5,3,49,0.0612,0.1429,82.3,28.0,78.3,1008.9,0.2,11.6,7.2,159.7,S,-7.91,-4.51,-10.35
661169,2022-06-07,2022,WSH,2022-06-07 18:40:00,18,12,2,14,5,15,6,22,290,83.3,9,58,0.1552,0.2273,76.5,24.7,87.3,1015.1,2.9,7.1,4.4,216.9,SW,1.77,4.01,-0.69
661150,2022-06-08,2022,WSH,2022-06-08 18:40:00,18,2,1,3,0,17,3,16,296,82.8,0,56,0.0,0.0,76.2,24.5,87.7,1016.3,15.6,10.1,6.3,263.8,W,8.83,9.95,6.64
661149,2022-06-09,2022,WSH,2022-06-09 18:40:00,18,7,4,11,1,16,6,19,284,83.4,2,51,0.0392,0.0526,77.4,25.2,89.7,1015.4,0.0,4.1,2.5,273.9,W,3.89,4.1,3.21
661148,2022-06-21,2022,COL,2022-06-21 18:40:00,18,9,8,17,3,17,6,26,325,82.2,6,61,0.0984,0.1154,80.5,26.9,72.0,1018.1,0.0,16.2,10.0,35.3,NE,-3.59,-8.77,2.01
661393,2022-06-22,2022,COL,2022-06-22 18:40:00,18,7,4,11,4,14,7,17,299,79.3,6,51,0.1176,0.2353,80.2,26.8,66.0,1014.6,0.0,10.9,6.8,71.0,E,-8.14,-10.11,-5.19
661392,2022-06-23,2022,COL,2022-06-23 12:10:00,12,3,2,5,0,17,3,21,284,83.9,4,54,0.0741,0.0,86.0,30.0,56.0,1013.1,0.0,11.1,6.9,153.3,SE,-8.4,-5.41,-10.37
661382,2022-06-24,2022,NYM,2022-06-24 18:40:00,18,3,5,8,2,14,5,17,278,82.6,2,53,0.0377,0.1176,85.1,29.5,65.3,1014.3,0.0,15.3,9.5,225.6,SW,6.0,10.45,0.82
661381,2022-06-25,2022,NYM,2022-06-25 16:10:00,16,3,5,8,4,20,1,17,275,81.7,6,50,0.12,0.2353,80.7,27.0,81.0,1015.4,0.6,7.1,4.4,303.3,NW,6.97,6.1,7.01
661380,2022-06-26,2022,NYM,2022-06-26 12:05:00,12,3,2,5,3,15,4,11,261,83.6,5,49,0.102,0.2727,86.9,30.5,60.7,1016.3,0.0,11.8,7.4,193.4,S,-1.86,2.25,-5.75
661379,2022-07-05,2022,LAA,2022-07-05 18:40:00,18,2,1,3,2,20,4,11,272,83.3,2,41,0.0488,0.1818,81.9,27.7,80.3,1016.2,1.0,15.3,9.5,146.0,SE,-12.78,-9.12,-14.91
661378,2022-07-06,2022,LAA,2022-07-06 18:40:00,18,2,5,7,0,18,9,12,271,83.1,0,46,0.0,0.0,81.4,27.4,81.3,1016.4,0.1,5.7,3.6,44.4,NE,-2.14,-3.83,-0.19
661324,2022-07-11,2022,PIT,2022-07-11 18:40:00,18,1,5,6,1,19,6,16,290,84.7,3,49,0.0612,0.0625,84.8,29.3,69.7,1014.5,0.1,10.7,6.7,235.8,SW,5.89,8.6,2.47
661377,2022-07-12,2022,PIT,2022-07-12 18:40:00,18,2,3,5,1,13,1,12,243,83.1,3,51,0.0588,0.0833,85.9,29.9,69.0,1016.3,0.0,12.9,8.0,158.7,S,-8.93,-5.21,-11.58
661376,2022-07-13,2022,PIT,2022-07-13 18:40:00,18,5,4,9,0,20,11,13,311,82.5,1,46,0.0217,0.0,83.5,28.6,75.0,1018.0,0.4,9.7,6.0,156.4,SE,-7.01,-4.28,-8.9
661375,2022-07-14,2022,PIT,2022-07-14 12:10:00,12,3,2,5,0,20,11,15,378,78.2,2,53,0.0377,0.0,84.4,29.1,69.7,1020.8,3.1,11.1,6.9,159.6,S,-7.58,-4.33,-9.91
661374,2022-07-15,2022,PHI,2022-07-15 18:40:00,18,1,2,3,0,24,7,9,298,80.5,2,37,0.0541,0.0,81.1,27.3,74.3,1017.1,0.0,13.7,8.5,99.3,E,-13.37,-13.64,-11.49
661359,2022-07-16,2022,PHI,2022-07-16 16:10:00,16,0,10,10,4,17,2,20,273,85.0,6,55,0.1091,0.2,79.9,26.6,80.3,1015.5,0.4,7.5,4.7,118.3,SE,-7.46,-6.75,-7.27
661373,2022-07-17,2022,PHI,2022-07-17 13:40:00,13,0,4,4,1,20,1,12,239,81.6,3,44,0.0682,0.0833,85.2,29.5,76.3,1017.2,0.8,15.1,9.4,180.7,S,-5.61,-0.48,-10.07
661421,2022-07-21,2022,TEX,2022-07-21 13:10:00,13,0,8,8,1,19,7,18,306,80.7,1,52,0.0192,0.0556,88.3,31.3,56.0,1017.4,0.4,15.5,9.7,120.3,SE,-15.39,-13.74,-15.18
661372,2022-07-29,2022,NYM,2022-07-29 18:40:00,18,4,6,10,2,17,10,18,312,81.2,4,53,0.0755,0.1111,83.6,28.7,68.7,1018.6,0.0,16.6,10.3,109.7,E,-16.61,-15.89,-15.33
661371,2022-07-30,2022,NYM,2022-07-30 18:10:00,18,0,4,4,3,12,4,13,240,84.3,5,51,0.098,0.2308,84.7,29.3,65.0,1020.1,0.0,16.5,10.3,96.0,E,-15.82,-16.47,-13.26
661370,2022-07-31,2022,NYM,2022-07-31 13:40:00,13,3,9,12,1,10,4,29,334,82.2,5,71,0.0704,0.0345,88.5,31.4,59.7,1021.3,0.2,21.1,13.1,99.0,E,-20.55,-21.0,-17.62
661369,2022-08-01,2022,CIN,2022-08-01 18:40:00,18,1,3,4,0,19,3,15,284,82.4,0,49,0.0,0.0,82.5,28.1,77.0,1019.4,0.0,12.3,7.7,72.0,E,-9.38,-11.55,-6.07
661368,2022-08-02,2022,CIN,2022-08-02 18:40:00,18,1,2,3,0,19,3,8,264,82.5,2,44,0.0455,0.0,83.5,28.6,74.3,1017.1,0.0,7.3,4.6,91.8,E,-6.86,-7.33,-5.56
661367,2022-08-03,2022,CIN,2022-08-03 18:40:00,18,3,0,3,1,10,4,13,221,82.3,3,50,0.06,0.0769,85.0,29.4,60.7,1016.3,0.0,8.7,5.4,103.3,E,-8.62,-8.58,-7.62
661366,2022-08-12,2022,ATL,2022-08-12 18:40:00,18,3,4,7,3,14,6,20,338,83.1,8,57,0.1404,0.15,84.2,29.0,68.3,1015.9,0.0,8.5,5.3,135.0,SE,-7.82,-6.25,-8.46
661360,2022-08-13,2022,ATL,2022-08-13 19:10:00,19,2,6,8,4,19,6,15,304,82.7,5,49,0.102,0.2667,81.4,27.5,75.7,1016.3,0.3,8.2,5.1,309.0,NW,7.83,6.56,8.15
661428,2022-08-13,2022,ATL,2022-08-13 13:10:00,13,2,5,7,2,18,6,16,298,81.8,3,49,0.0612,0.125,88.4,31.3,56.3,1016.1,0.0,12.3,7.6,155.0,SE,-9.04,-5.66,-11.33
661338,2022-08-14,2022,ATL,2022-08-14 13:40:00,13,1,3,4,1,18,11,15,318,82.1,2,48,0.0417,0.0667,83.8,28.8,67.0,1015.3,1.6,7.9,4.9,182.9,S,-2.64,0.05,-5.02
661358,2022-08-15,2022,SD,2022-08-15 18:40:00,18,3,0,3,1,16,4,14,304,82.6,3,48,0.0625,0.0714,78.3,25.7,85.3,1013.3,0.2,3.9,2.4,322.7,NW,3.37,2.5,3.84
661357,2022-08-16,2022,SD,2022-08-16 18:40:00,18,4,3,7,2,23,8,16,320,80.7,2,42,0.0476,0.125,82.7,28.2,76.7,1013.8,0.0,7.9,4.9,238.5,SW,4.65,6.55,2.18
661356,2022-08-17,2022,SD,2022-08-17 16:10:00,16,3,10,13,1,14,14,18,349,79.4,4,56,0.0714,0.0556,85.6,29.8,69.3,1014.2,0.3,6.3,3.9,254.6,W,5.0,6.03,3.37
661355,2022-08-26,2022,LAD,2022-08-26 18:40:00,18,6,10,16,3,17,9,24,403,80.2,5,70,0.0714,0.125,84.1,28.9,71.3,1015.1,0.0,3.3,2.1,201.0,S,-0.09,1.06,-1.22
661354,2022-08-27,2022,LAD,2022-08-27 18:10:00,18,2,1,3,1,17,3,11,218,83.1,3,42,0.0714,0.0909,80.7,27.1,85.3,1013.3,9.8,6.1,3.8,53.4,NE,-3.11,-4.71,-1.15
661353,2022-08-28,2022,LAD,2022-08-28 12:05:00,12,1,8,9,3,19,8,16,315,82.0,5,49,0.102,0.1875,83.8,28.8,77.7,1014.7,0.2,9.6,6.0,120.0,SE,-9.55,-8.54,-9.4
661352,2022-08-29,2022,LAD,2022-08-29 18:40:00,18,2,3,5,1,20,8,14,315,83.5,3,55,0.0545,0.0714,81.0,27.2,81.0,1015.0,0.3,15.0,9.3,155.0,SE,-11.06,-6.93,-13.86
661351,2022-08-30,2022,TB,2022-08-30 18:40:00,18,2,7,9,2,18,2,23,293,83.9,4,56,0.0714,0.087,83.9,28.8,73.0,1014.7,0.1,7.3,4.5,169.0,S,-4.02,-1.7,-5.84
661350,2022-08-31,2022,TB,2022-08-31 18:40:00,18,1,2,3,1,16,5,15,276,83.3,3,56,0.0536,0.0667,82.8,28.2,72.7,1014.8,1.2,10.5,6.5,203.1,SW,0.11,3.69,-3.49
661337,2022-09-09,2022,NYM,2022-09-09 18:40:00,18,6,3,9,3,15,9,17,302,83.3,5,49,0.102,0.1765,79.0,26.1,84.3,1012.1,0.8,3.3,2.1,212.3,SW,0.56,1.64,-0.59
661323,2022-09-10,2022,NYM,2022-09-10 18:10:00,18,3,11,14,3,22,6,25,302,83.0,5,55,0.0909,0.12,80.7,27.0,86.3,1017.4,3.0,7.1,4.4,283.3,W,7.01,6.97,6.2
661322,2022-09-11,2022,NYM,2022-09-11 13:40:00,13,3,9,12,5,21,5,21,298,81.4,6,51,0.1176,0.2381,86.7,30.4,70.7,1017.6,2.3,9.7,6.0,157.0,SE,-6.89,-4.16,-8.8
661419,2022-09-12,2022,TEX,2022-09-12 19:10:00,19,10,6,16,3,21,8,18,293,81.9,5,47,0.1064,0.1667,77.0,25.0,87.3,1014.4,5.0,11.9,7.4,284.9,W,11.76,11.59,10.52
661420,2022-09-12,2022,TEX,2022-09-12 13:10:00,13,2,3,5,0,16,8,11,273,81.6,1,47,0.0213,0.0,87.0,30.6,67.0,1013.9,0.2,11.5,7.1,159.3,S,-7.85,-4.52,-10.24
661320,2022-09-13,2022,PHI,2022-09-13 18:40:00,18,1,2,3,2,14,1,12,251,81.5,4,50,0.08,0.1667,79.0,26.1,88.7,1013.2,3.9,8.5,5.3,329.6,NW,6.78,4.61,8.12
661336,2022-09-14,2022,PHI,2022-09-14 18:40:00,18,1,6,7,3,19,5,16,314,81.8,5,47,0.1064,0.1875,78.4,25.8,89.3,1014.4,1.2,4.8,3.0,96.9,E,-4.62,-4.79,-3.9
661321,2022-09-15,2022,PHI,2022-09-15 18:40:00,18,5,3,8,3,11,7,15,277,84.3,8,52,0.1538,0.2,77.2,25.1,89.3,1017.1,3.3,11.1,6.9,13.1,N,1.81,-2.04,5.45
661299,2022-09-19,2022,CHC,2022-09-19 18:40:00,18,10,3,13,4,16,8,20,320,82.3,6,53,0.1132,0.2,78.8,26.0,87.7,1012.8,0.1,3.4,2.1,30.4,NE,-0.47,-1.61,0.72
661298,2022-09-20,2022,CHC,2022-09-20 18:40:00,18,1,2,3,1,17,1,15,273,81.7,2,49,0.0408,0.0667,81.6,27.6,79.3,1012.0,0.0,6.4,4.0,12.0,N,1.16,-1.05,3.23
661297,2022-09-21,2022,CHC,2022-09-21 18:40:00,18,3,4,7,3,28,5,10,295,80.2,2,38,0.0526,0.3,80.7,27.1,82.0,1010.1,0.0,9.8,6.1,16.6,N,1.01,-2.4,4.29
661296,2022-09-23,2022,WSH,2022-09-23 18:40:00,18,5,2,7,1,14,3,17,255,83.8,1,53,0.0189,0.0588,82.6,28.1,73.0,1012.8,0.0,7.0,4.3,93.0,E,-6.6,-7.0,-5.4
661295,2022-09-24,2022,WSH,2022-09-24 18:10:00,18,4,1,5,2,20,2,13,237,80.0,2,42,0.0476,0.1538,77.7,25.4,90.3,1013.2,4.3,10.1,6.3,16.2,N,1.1,-2.4,4.47
661294,2022-09-25,2022,WSH,2022-09-25 13:40:00,13,1,6,7,2,10,4,19,292,80.1,2,61,0.0328,0.1053,86.7,30.4,63.0,1011.3,0.0,12.0,7.4,142.3,SE,-10.38,-7.72,-11.79
661424,2022-10-03,2022,ATL,2022-10-03 18:40:00,18,4,0,4,1,21,3,13,270,83.2,3,42,0.0714,0.0769,77.8,25.5,74.3,1012.8,0.0,8.8,5.5,62.4,NE,-5.67,-7.64,-3.01
661423,2022-10-04,2022,ATL,2022-10-04 18:40:00,18,1,2,3,1,23,12,12,306,82.8,4,41,0.0976,0.0833,77.1,25.0,72.3,1013.6,0.0,11.0,6.9,31.7,NE,-1.76,-5.38,2.07
661422,2022-10-05,2022,ATL,2022-10-05 16:10:00,16,12,9,21,4,16,9,28,356,82.7,6,61,0.0984,0.1429,78.9,26.0,68.3,1014.6,0.1,13.0,8.1,44.0,NE,-4.78,-8.64,-0.34
718774,2023-03-30,2023,NYM,2023-03-30 16:10:00,16,3,5,8,1,17,7,13,295,83.7,2,47,0.0426,0.0769,76.2,24.6,71.3,1019.9,0.1,22.1,13.8,68.3,E,-15.88,-20.19,-9.64
718771,2023-03-31,2023,NYM,2023-03-31 18:40:00,18,2,1,3,3,13,5,14,242,82.0,5,48,0.1042,0.2143,76.1,24.5,64.3,1021.5,0.0,15.7,9.7,98.3,E,-15.19,-15.59,-12.96
718755,2023-04-01,2023,NYM,2023-04-01 16:10:00,16,2,6,8,2,17,9,22,328,81.6,4,58,0.069,0.0909,79.5,26.4,68.7,1018.7,0.2,13.6,8.5,173.6,S,-6.58,-2.1,-10.27
718741,2023-04-02,2023,NYM,2023-04-02 13:40:00,13,1,5,6,1,19,9,9,296,80.6,1,41,0.0244,0.1111,81.9,27.7,64.0,1017.6,1.0,14.8,9.2,145.0,SE,-12.45,-8.99,-14.42
718729,2023-04-03,2023,MIN,2023-04-03 18:40:00,18,1,11,12,4,14,5,22,297,86.2,6,58,0.1034,0.1818,79.1,26.2,71.0,1016.7,0.0,13.5,8.4,164.3,S,-8.32,-4.2,-11.44
718714,2023-04-04,2023,MIN,2023-04-04 18:40:00,18,1,0,1,1,17,2,6,221,82.6,1,38,0.0263,0.1667,79.2,26.2,66.0,1017.6,0.0,12.6,7.8,100.0,E,-12.33,-12.53,-10.66
718701,2023-04-05,2023,MIN,2023-04-05 13:10:00,13,5,2,7,2,22,3,13,252,80.8,2,40,0.05,0.1538,84.2,29.0,49.3,1019.4,0.0,21.2,13.2,106.0,E,-21.1,-20.65,-19.0
718584,2023-04-14,2023,AZ,2023-04-14 18:40:00,18,5,1,6,0,10,2,17,250,83.6,5,57,0.0877,0.0,78.4,25.8,82.0,1014.3,0.0,6.5,4.1,184.2,S,-2.05,0.19,-4.05
718567,2023-04-15,2023,AZ,2023-04-15 16:10:00,16,3,2,5,1,13,3,15,251,85.2,2,49,0.0408,0.0667,81.5,27.5,72.3,1015.3,0.0,12.7,7.9,133.3,SE,-11.9,-9.63,-12.73
718550,2023-04-16,2023,AZ,2023-04-16 13:40:00,13,0,5,5,1,19,1,11,229,84.6,2,44,0.0455,0.0909,82.5,28.0,74.0,1015.3,0.6,17.7,11.0,164.3,S,-10.94,-5.52,-15.04
718544,2023-04-17,2023,SF,2023-04-17 18:40:00,18,4,3,7,1,15,3,16,270,80.1,2,49,0.0408,0.0625,74.5,23.6,83.7,1010.8,0.1,11.7,7.3,358.0,N,4.86,0.91,8.22
718528,2023-04-18,2023,SF,2023-04-18 18:40:00,18,4,2,6,2,20,3,16,258,83.3,2,45,0.0444,0.125,73.6,23.1,65.3,1014.7,0.0,12.7,7.9,26.7,NE,-0.93,-5.21,3.47
718511,2023-04-19,2023,SF,2023-04-19 13:10:00,13,2,5,7,2,27,7,17,373,80.7,2,55,0.0364,0.1176,78.7,25.9,50.3,1017.5,0.0,17.4,10.8,66.0,NE,-12.0,-15.6,-6.95
718391,2023-04-28,2023,CHC,2023-04-28 18:40:00,18,3,2,5,1,15,4,18,263,81.1,3,48,0.0625,0.0556,80.0,26.7,83.7,1011.9,0.0,14.1,8.8,189.4,S,-3.2,1.69,-7.7
718375,2023-04-29,2023,CHC,2023-04-29 16:05:00,16,7,6,13,2,27,12,21,365,84.6,3,42,0.0714,0.0952,82.1,27.8,78.7,1010.6,0.2,22.6,14.0,179.3,S,-8.88,-1.25,-15.44
718364,2023-04-30,2023,CHC,2023-04-30 12:05:00,12,4,3,7,1,10,4,17,247,84.0,2,54,0.037,0.0588,83.3,28.5,64.0,1008.5,0.3,32.1,19.9,259.1,W,26.77,31.19,19.12
718346,2023-05-02,2023,ATL,2023-05-02 18:40:00,18,0,6,6,1,19,11,13,318,82.0,2,44,0.0455,0.0769,80.6,27.0,52.7,1011.4,0.0,17.5,10.9,257.6,W,14.33,16.88,10.05
718321,2023-05-03,2023,ATL,2023-05-03 18:40:00,18,6,14,20,7,17,4,30,308,84.6,11,64,0.1719,0.2333,80.7,27.0,65.0,1010.9,0.0,17.4,10.8,219.2,SW,5.0,10.41,-1.01
718308,2023-05-04,2023,ATL,2023-05-04 16:10:00,16,3,6,9,3,14,7,22,305,82.0,4,60,0.0667,0.1364,81.0,27.2,45.3,1013.9,0.0,15.2,9.5,108.3,E,-15.19,-14.66,-13.89
718212,2023-05-12,2023,CIN,2023-05-12 18:40:00,18,4,7,11,5,22,7,18,308,80.2,5,49,0.102,0.2778,80.3,26.8,62.7,1017.3,0.0,17.6,10.9,85.3,E,-15.66,-17.46,-11.97
718198,2023-05-13,2023,CIN,2023-05-13 13:10:00,13,5,6,11,3,19,11,17,288,80.8,5,49,0.102,0.1765,84.3,29.0,53.3,1017.2,0.0,22.7,14.1,86.0,E,-20.31,-22.55,-15.62
718178,2023-05-14,2023,CIN,2023-05-14 13:40:00,13,3,1,4,0,20,7,16,311,80.9,4,45,0.0889,0.0,82.7,28.2,60.3,1017.7,0.6,19.9,12.4,84.3,E,-17.54,-19.7,-13.27
718153,2023-05-16,2023,WSH,2023-05-16 18:40:00,18,5,4,9,2,19,7,20,292,80.3,5,52,0.0962,0.1,79.6,26.5,72.3,1012.8,0.0,17.0,10.6,174.7,S,-7.93,-2.31,-12.59
718132,2023-05-17,2023,WSH,2023-05-17 18:40:00,18,4,3,7,2,19,3,17,266,80.7,3,45,0.0667,0.1176,81.1,27.3,69.3,1010.7,0.0,10.3,6.4,214.3,SW,2.1,5.44,-1.48
718130,2023-05-18,2023,WSH,2023-05-18 13:10:00,13,5,3,8,2,13,3,17,257,82.6,2,55,0.0364,0.1176,84.6,29.2,62.3,1013.5,0.6,15.4,9.6,169.7,S,-8.37,-3.43,-12.3
717963,2023-05-30,2023,SD,2023-05-30 18:40:00,18,4,9,13,1,15,16,21,350,83.0,1,57,0.0175,0.0476,75.3,24.0,86.0,1012.4,3.3,8.7,5.4,16.6,N,0.89,-2.13,3.81
717945,2023-05-31,2023,SD,2023-05-31 18:40:00,18,2,1,3,1,21,6,8,267,82.6,1,36,0.0278,0.125,75.0,23.9,89.0,1011.6,9.5,12.0,7.4,350.3,N,6.37,2.52,9.45
717941,2023-06-01,2023,SD,2023-06-01 13:10:00,13,1,10,11,1,16,5,15,280,82.5,4,50,0.08,0.0667,81.3,27.4,73.0,1010.7,0.3,8.8,5.5,324.4,NW,7.5,5.45,8.64
717927,2023-06-02,2023,ATH,2023-06-02 18:40:00,18,4,0,4,1,23,2,14,278,82.1,3,40,0.075,0.0714,76.7,24.8,85.7,1006.6,0.9,4.4,2.8,292.7,NW,4.43,4.16,4.17
717911,2023-06-03,2023,ATH,2023-06-03 16:10:00,16,12,1,13,0,15,10,22,349,84.0,1,59,0.0169,0.0,80.4,26.9,76.7,1004.4,1.1,7.9,4.9,229.8,SW,3.64,5.83,1.01
717896,2023-06-04,2023,ATH,2023-06-04 13:40:00,13,7,5,12,1,15,4,18,264,80.1,3,53,0.0566,0.0556,80.5,26.9,77.7,1004.9,1.1,14.0,8.7,28.0,NE,-1.34,-6.02,3.51
717887,2023-06-05,2023,KC,2023-06-05 18:40:00,18,9,6,15,2,16,4,20,280,83.4,3,54,0.0556,0.1,78.7,26.0,77.7,1011.4,0.0,14.3,8.9,57.3,NE,-8.15,-11.66,-3.65
717876,2023-06-06,2023,KC,2023-06-06 18:40:00,18,6,1,7,1,19,3,12,256,82.2,1,43,0.0233,0.0833,75.6,24.2,89.7,1012.5,0.3,9.0,5.6,61.6,NE,-5.67,-7.72,-2.94
717860,2023-06-07,2023,KC,2023-06-07 18:10:00,18,6,1,7,1,13,4,11,225,84.1,3,45,0.0667,0.0909,76.3,24.6,87.3,1009.8,3.1,9.6,6.0,296.2,NW,9.58,8.79,9.21
717700,2023-06-19,2023,TOR,2023-06-19 18:40:00,18,11,0,11,1,18,2,26,312,84.0,3,58,0.0517,0.0385,79.6,26.4,85.0,1015.5,2.4,7.2,4.5,222.4,SW,2.45,4.62,-0.02
717690,2023-06-20,2023,TOR,2023-06-20 18:40:00,18,0,2,2,0,22,1,13,272,82.5,3,42,0.0714,0.0,77.4,25.2,85.3,1014.1,4.0,10.4,6.5,43.3,NE,-3.69,-6.79,-0.14
717676,2023-06-21,2023,TOR,2023-06-21 12:10:00,12,3,6,9,1,17,4,20,262,82.8,4,53,0.0755,0.05,80.4,26.9,81.3,1014.6,6.5,7.7,4.8,206.5,SW,0.54,3.12,-2.11
717654,2023-06-22,2023,PIT,2023-06-22 18:40:00,18,6,4,10,3,20,2,15,270,81.4,2,46,0.0435,0.2,81.8,27.7,82.3,1016.1,0.0,10.2,6.3,151.3,SE,-7.95,-5.28,-9.65
717653,2023-06-23,2023,PIT,2023-06-23 18:40:00,18,1,3,4,0,17,3,14,252,81.1,1,47,0.0213,0.0,82.6,28.1,83.0,1016.6,0.0,7.2,4.5,116.6,SE,-7.15,-6.54,-6.89
717630,2023-06-24,2023,PIT,2023-06-24 16:10:00,16,4,3,7,1,14,9,18,329,82.6,1,67,0.0149,0.0556,79.7,26.5,84.0,1016.5,0.4,8.2,5.1,238.7,SW,4.84,6.81,2.29
717620,2023-06-25,2023,PIT,2023-06-25 13:40:00,13,2,0,2,1,18,1,14,236,85.9,2,46,0.0435,0.0714,79.3,26.3,85.0,1015.9,21.0,13.5,8.4,150.4,SE,-10.65,-7.17,-12.84
717515,2023-07-03,2023,STL,2023-07-03 18:40:00,18,5,4,9,1,15,4,17,278,84.1,4,50,0.08,0.0588,82.9,28.3,79.7,1016.0,1.6,6.0,3.7,216.9,SW,1.5,3.41,-0.59
717502,2023-07-04,2023,STL,2023-07-04 13:10:00,13,15,2,17,2,17,9,28,345,83.0,5,60,0.0833,0.0714,85.9,29.9,78.7,1017.6,1.0,5.1,3.1,109.1,E,-5.06,-4.86,-4.65
717488,2023-07-05,2023,STL,2023-07-05 18:40:00,18,10,9,19,3,18,13,24,335,86.1,4,55,0.0727,0.125,85.9,29.9,70.0,1016.3,0.0,7.6,4.7,139.7,SE,-6.79,-5.19,-7.57
717473,2023-07-06,2023,STL,2023-07-06 18:40:00,18,0,3,3,1,17,6,16,287,82.4,4,50,0.08,0.0625,80.2,26.8,85.7,1015.1,1.1,7.7,4.8,310.1,NW,7.34,6.1,7.69
717466,2023-07-07,2023,PHI,2023-07-07 18:40:00,18,3,4,7,3,19,0,20,259,85.0,3,52,0.0577,0.15,80.0,26.7,85.0,1014.7,0.7,10.2,6.4,317.0,NW,9.32,7.3,10.2
717438,2023-07-08,2023,PHI,2023-07-08 16:10:00,16,5,3,8,2,13,5,17,265,81.3,3,53,0.0566,0.1176,83.7,28.7,76.3,1014.9,1.2,9.0,5.6,252.1,W,6.83,8.4,4.43
717426,2023-07-09,2023,PHI,2023-07-09 13:40:00,13,7,3,10,4,19,2,19,248,85.2,5,48,0.1042,0.2105,88.6,31.4,65.7,1016.2,1.1,17.8,11.1,166.7,S,-10.44,-4.86,-14.75
717319,2023-07-21,2023,COL,2023-07-21 18:40:00,18,1,6,7,3,22,5,16,307,81.3,3,48,0.0625,0.1875,81.6,27.5,87.7,1015.0,0.5,7.2,4.5,275.5,W,6.85,7.16,5.73
717306,2023-07-22,2023,COL,2023-07-22 13:10:00,13,3,4,7,1,21,3,15,281,80.6,1,45,0.0222,0.0667,90.1,32.3,65.3,1015.0,0.4,9.7,6.0,178.0,S,-4.01,-0.76,-6.78
717292,2023-07-23,2023,COL,2023-07-23 13:40:00,13,3,2,5,2,24,7,14,314,82.5,3,46,0.0652,0.1429,90.6,32.6,67.0,1017.3,2.3,16.0,9.9,154.3,SE,-11.9,-7.54,-14.82
717236,2023-07-28,2023,DET,2023-07-28 18:40:00,18,6,5,11,1,14,3,23,285,82.3,3,58,0.0517,0.0435,81.4,27.4,83.0,1018.2,0.0,14.1,8.8,84.7,E,-12.5,-14.0,-9.49
717218,2023-07-29,2023,DET,2023-07-29 16:10:00,16,0,5,5,2,19,4,15,283,83.1,3,48,0.0625,0.1333,87.5,30.8,65.0,1017.0,0.0,9.9,6.1,121.3,SE,-9.75,-8.64,-9.68
717202,2023-07-30,2023,DET,2023-07-30 13:40:00,13,8,6,14,2,14,6,23,328,82.5,3,61,0.0492,0.087,87.3,30.7,71.0,1016.1,0.0,12.2,7.6,155.3,SE,-8.95,-5.57,-11.24
717189,2023-07-31,2023,PHI,2023-07-31 18:40:00,18,2,4,6,1,14,13,13,318,81.8,2,51,0.0392,0.0769,77.5,25.3,89.7,1017.2,7.0,9.4,5.9,213.8,SW,1.84,4.89,-1.43
717182,2023-08-01,2023,PHI,2023-08-01 18:40:00,18,1,3,4,1,11,6,17,243,83.2,4,55,0.0727,0.0588,80.2,26.8,84.0,1016.5,0.1,4.7,2.9,170.4,S,-2.51,-0.99,-3.73
717159,2023-08-02,2023,PHI,2023-08-02 18:40:00,18,9,8,17,4,20,11,25,424,82.2,5,72,0.0694,0.16,82.0,27.8,80.7,1016.9,0.0,7.7,4.8,336.2,NW,5.57,3.42,7.05
717147,2023-08-03,2023,PHI,2023-08-03 12:10:00,12,2,4,6,2,16,3,13,258,83.7,3,48,0.0625,0.1538,88.1,31.2,66.3,1016.5,0.2,7.4,4.6,114.7,SE,-7.39,-6.85,-7.04
717047,2023-08-11,2023,NYY,2023-08-11 18:40:00,18,4,9,13,3,17,7,20,304,84.2,6,55,0.1091,0.15,88.0,31.1,65.3,1014.6,0.0,7.3,4.5,124.3,SE,-7.11,-6.17,-7.19
717025,2023-08-12,2023,NYY,2023-08-12 16:10:00,16,3,1,4,1,19,2,13,238,85.5,2,43,0.0465,0.0769,85.9,30.0,71.3,1014.7,0.1,19.7,12.2,160.3,S,-13.2,-7.42,-17.39
717011,2023-08-13,2023,NYY,2023-08-13 13:40:00,13,8,7,15,2,23,11,17,334,83.3,2,46,0.0435,0.1176,88.1,31.2,65.3,1017.1,0.1,16.9,10.5,180.3,S,-6.37,-0.64,-11.32
717000,2023-08-14,2023,HOU,2023-08-14 18:40:00,18,5,1,6,3,7,6,15,262,85.8,3,57,0.0526,0.2,87.0,30.6,74.3,1016.6,0.0,7.5,4.7,112.3,E,-7.53,-7.09,-7.07
716991,2023-08-15,2023,HOU,2023-08-15 18:40:00,18,5,6,11,4,13,5,16,297,83.0,4,55,0.0727,0.25,81.9,27.7,84.3,1015.0,2.3,11.4,7.1,150.7,SE,-8.99,-6.03,-10.86
716972,2023-08-16,2023,HOU,2023-08-16 18:40:00,18,5,12,17,3,14,10,21,315,82.1,4,60,0.0667,0.1429,84.4,29.1,74.7,1014.6,0.8,10.2,6.3,199.6,S,-0.52,2.99,-3.96
716863,2023-08-25,2023,WSH,2023-08-25 18:40:00,18,4,7,11,1,11,1,22,300,83.3,3,62,0.0484,0.0455,83.0,28.3,77.3,1011.5,0.0,14.0,8.7,47.0,NE,-5.8,-9.81,-1.1
716844,2023-08-26,2023,WSH,2023-08-26 16:10:00,16,2,3,5,2,16,6,12,266,82.8,3,46,0.0652,0.1667,85.0,29.5,71.3,1008.1,1.0,17.8,11.0,45.3,NE,-6.89,-12.08,-0.88
716827,2023-08-27,2023,WSH,2023-08-27 13:40:00,13,2,1,3,1,14,4,13,247,82.5,1,49,0.0204,0.0769,88.0,31.1,65.3,1007.2,0.2,13.9,8.7,160.0,S,-9.41,-5.33,-12.36
716807,2023-08-29,2023,TB,2023-08-29 18:40:00,18,2,11,13,4,14,5,25,355,83.2,7,62,0.1129,0.16,82.5,28.0,83.3,1009.7,0.2,25.6,15.9,175.3,S,-11.67,-3.19,-18.75
716778,2023-08-30,2023,TB,2023-08-30 18:40:00,18,0,3,3,0,21,6,9,269,82.6,3,45,0.0667,0.0,82.7,28.2,82.7,1010.3,0.1,15.7,9.8,240.0,SW,9.59,13.28,4.74
716710,2023-09-05,2023,LAD,2023-09-05 18:40:00,18,6,3,9,5,16,7,15,279,80.6,5,48,0.1042,0.3333,82.6,28.1,66.0,1015.0,0.0,8.3,5.2,68.0,E,-5.94,-7.58,-3.59
716695,2023-09-06,2023,LAD,2023-09-06 18:40:00,18,11,4,15,5,15,7,19,307,81.6,4,55,0.0727,0.2632,81.9,27.7,63.7,1014.5,0.0,7.5,4.7,63.8,NE,-4.97,-6.61,-2.73
716682,2023-09-07,2023,LAD,2023-09-07 18:40:00,18,0,10,10,1,12,5,18,309,83.7,2,58,0.0345,0.0556,83.2,28.5,63.0,1012.7,0.0,11.0,6.8,138.0,SE,-9.93,-7.71,-10.95
716582,2023-09-15,2023,ATL,2023-09-15 18:40:00,18,9,6,15,3,15,4,24,292,83.9,2,57,0.0351,0.125,80.6,27.0,82.3,1013.2,1.4,3.6,2.3,339.8,N,2.46,1.4,3.23
716565,2023-09-16,2023,ATL,2023-09-16 16:10:00,16,11,5,16,8,13,10,23,330,83.1,9,59,0.1525,0.3478,83.1,28.4,75.7,1013.2,1.5,7.1,4.4,319.0,NW,6.36,4.89,7.05
716546,2023-09-17,2023,ATL,2023-09-17 13:40:00,13,16,2,18,5,16,11,26,328,86.4,6,60,0.1,0.1923,86.2,30.1,69.3,1012.8,1.0,13.1,8.2,184.7,S,-4.02,0.5,-8.05
716535,2023-09-18,2023,NYM,2023-09-18 18:40:00,18,1,2,3,1,19,3,13,273,85.5,0,47,0.0,0.0769,80.2,26.8,85.3,1013.4,1.8,7.4,4.6,297.5,NW,7.4,6.73,7.18
716523,2023-09-19,2023,NYM,2023-09-19 18:40:00,18,4,3,7,0,16,4,19,273,80.1,2,54,0.037,0.0,77.5,25.3,89.7,1014.6,5.1,11.8,7.3,10.4,N,2.47,-1.61,6.26
716503,2023-09-20,2023,NYM,2023-09-20 18:40:00,18,3,8,11,5,14,7,20,325,84.7,8,57,0.1404,0.25,80.6,27.0,80.7,1014.4,0.0,8.2,5.1,98.7,E,-7.96,-8.15,-6.81
716482,2023-09-22,2023,MIL,2023-09-22 18:40:00,18,1,16,17,4,10,12,20,351,80.8,7,63,0.1111,0.2,77.5,25.3,86.3,1011.9,0.0,5.1,3.1,9.9,N,1.1,-0.65,2.73
716460,2023-09-23,2023,MIL,2023-09-23 16:10:00,16,5,4,9,2,19,8,14,292,83.2,2,46,0.0435,0.1429,79.2,26.2,76.3,1011.1,0.3,12.5,7.8,88.3,E,-11.41,-12.47,-8.97
716447,2023-09-24,2023,MIL,2023-09-24 13:40:00,13,6,1,7,3,19,4,25,305,83.8,4,53,0.0755,0.12,85.0,29.5,68.0,1013.1,0.2,10.2,6.3,92.0,E,-9.55,-10.2,-7.76
746089,2024-03-28,2024,PIT,2024-03-28 16:10:00,16,5,6,11,3,24,12,17,367,81.7,4,62,0.0645,0.1765,81.9,27.7,55.7,1010.4,0.0,25.9,16.1,305.7,NW,25.25,21.71,25.75
746091,2024-03-29,2024,PIT,2024-03-29 19:10:00,19,2,7,9,0,16,11,19,340,83.9,2,53,0.0377,0.0,69.9,21.1,58.3,1019.5,0.0,14.8,9.2,80.7,E,-12.55,-14.45,-9.13
746087,2024-03-30,2024,PIT,2024-03-30 16:10:00,16,3,9,12,0,22,6,21,324,81.3,4,54,0.0741,0.0,73.2,22.9,53.3,1020.0,0.0,13.9,8.6,119.0,SE,-13.78,-12.41,-13.48
746090,2024-03-31,2024,PIT,2024-03-31 13:40:00,13,7,9,16,4,24,11,18,348,78.2,5,56,0.0893,0.2222,76.1,24.5,53.7,1020.7,0.0,14.6,9.1,117.0,SE,-14.52,-13.26,-14.04
746085,2024-04-01,2024,LAA,2024-04-01 18:40:00,18,4,7,11,3,16,10,16,325,83.9,7,51,0.1373,0.1875,75.0,23.9,67.7,1018.0,0.0,11.4,7.1,143.0,SE,-9.85,-7.27,-11.24
746086,2024-04-02,2024,LAA,2024-04-02 18:40:00,18,1,3,4,2,12,6,12,267,82.8,4,50,0.08,0.1667,77.0,25.0,73.7,1013.5,0.0,16.7,10.4,167.3,S,-9.64,-4.38,-13.74
746083,2024-04-03,2024,LAA,2024-04-03 13:10:00,13,2,10,12,1,16,10,16,305,81.6,4,52,0.0769,0.0625,85.3,29.6,57.7,1008.8,0.0,33.2,20.6,196.3,S,-3.56,7.93,-14.63
746084,2024-04-12,2024,ATL,2024-04-12 19:10:00,19,1,8,9,1,14,5,20,290,84.3,3,57,0.0526,0.05,72.1,22.3,72.0,1020.3,0.0,5.3,3.3,156.6,SE,-3.83,-2.33,-4.87
746082,2024-04-13,2024,ATL,2024-04-13 16:10:00,16,5,1,6,1,17,3,14,256,81.4,3,46,0.0652,0.0714,75.9,24.4,50.7,1021.3,0.0,22.8,14.1,53.7,NE,-11.78,-17.73,-4.41
746079,2024-04-14,2024,ATL,2024-04-14 13:40:00,13,7,9,16,4,24,5,21,296,82.3,7,49,0.1429,0.1905,77.4,25.2,46.7,1020.8,0.0,20.2,12.5,75.7,E,-16.14,-19.3,-11.03
746080,2024-04-15,2024,SF,2024-04-15 18:40:00,18,3,4,7,1,17,5,18,293,82.7,3,53,0.0566,0.0556,74.2,23.4,58.7,1018.7,0.0,16.3,10.1,69.3,E,-11.86,-14.96,-7.34
746081,2024-04-16,2024,SF,2024-04-16 18:40:00,18,6,3,9,1,20,9,17,313,83.0,4,47,0.0851,0.0588,76.9,25.0,55.7,1018.8,0.0,16.4,10.2,80.3,E,-13.91,-16.06,-10.08
746076,2024-04-17,2024,SF,2024-04-17 12:10:00,12,1,3,4,1,16,3,15,284,84.1,2,49,0.0408,0.0667,79.9,26.6,51.0,1020.0,0.0,20.9,13.0,97.7,E,-20.24,-20.85,-17.18
746078,2024-04-26,2024,WSH,2024-04-26 19:10:00,19,1,3,4,0,15,5,14,243,82.9,0,49,0.0,0.0,76.2,24.5,53.7,1019.5,0.0,22.1,13.8,62.7,NE,-14.28,-19.2,-7.63
746075,2024-04-27,2024,WSH,2024-04-27 16:10:00,16,4,11,15,4,12,6,24,316,82.7,6,66,0.0909,0.1667,78.9,26.0,52.0,1019.6,0.0,31.1,19.3,84.3,E,-27.45,-30.82,-20.76
746077,2024-04-28,2024,WSH,2024-04-28 13:40:00,13,9,12,21,3,17,9,26,372,83.6,3,63,0.0476,0.1154,77.8,25.5,58.3,1019.5,0.1,28.5,17.7,94.3,E,-27.11,-28.52,-22.43
746074,2024-04-29,2024,WSH,2024-04-29 18:40:00,18,2,7,9,2,8,4,11,260,84.1,4,57,0.0702,0.1818,77.1,25.1,58.0,1016.3,0.0,16.1,10.0,101.3,E,-15.76,-15.88,-13.75
746073,2024-04-30,2024,COL,2024-04-30 18:40:00,18,7,6,13,1,17,4,18,296,79.9,2,57,0.0351,0.0556,76.6,24.8,73.3,1014.9,0.2,8.4,5.2,113.7,SE,-8.43,-7.86,-7.98
746072,2024-05-01,2024,COL,2024-05-01 18:40:00,18,4,1,5,0,10,8,11,247,84.1,2,52,0.0385,0.0,77.7,25.4,73.3,1013.2,0.2,12.5,7.7,95.7,E,-11.93,-12.45,-9.98
746070,2024-05-02,2024,COL,2024-05-02 12:10:00,12,5,4,9,2,24,10,14,318,79.5,3,46,0.0652,0.1429,81.4,27.5,63.0,1014.2,0.0,15.5,9.6,85.7,E,-13.8,-15.36,-10.58
746071,2024-05-10,2024,PHI,2024-05-10 19:10:00,19,2,8,10,2,19,8,20,314,84.7,7,54,0.1296,0.1,82.5,28.1,74.0,1010.2,0.0,16.3,10.1,200.5,S,-0.56,5.03,-6.09
746069,2024-05-11,2024,PHI,2024-05-11 16:10:00,16,3,8,11,2,20,4,23,287,81.6,2,53,0.0377,0.087,89.0,31.7,57.0,1009.6,0.6,13.3,8.3,243.7,SW,8.76,11.66,4.81
746068,2024-05-12,2024,PHI,2024-05-12 13:40:00,13,7,6,13,2,20,11,14,325,80.1,6,50,0.12,0.1429,84.9,29.4,69.7,1013.0,1.7,20.1,12.5,82.3,E,-17.38,-19.78,-12.88
746065,2024-05-17,2024,NYM,2024-05-17 19:10:00,19,8,0,8,1,17,5,19,290,81.8,5,52,0.0962,0.0526,82.2,27.9,88.7,1013.6,0.0,13.4,8.3,157.0,SE,-9.54,-5.76,-12.17
746067,2024-05-18,2024,NYM,2024-05-18 16:10:00,16,10,9,19,2,13,5,28,330,83.6,5,71,0.0704,0.0714,86.1,30.0,76.7,1013.7,0.0,22.4,13.9,161.7,S,-14.62,-7.95,-19.53
746064,2024-05-19,2024,NYM,2024-05-19 13:40:00,13,3,7,10,3,19,5,20,330,82.5,6,53,0.1132,0.15,90.6,32.5,67.7,1011.7,1.6,20.1,12.5,182.0,S,-7.03,-0.18,-13.04
746066,2024-05-20,2024,MIL,2024-05-20 18:40:00,18,3,2,5,1,15,12,11,299,82.2,1,51,0.0196,0.0909,84.1,29.0,63.0,1010.4,0.0,11.0,6.8,330.4,NW,8.68,5.84,10.47
746058,2024-05-21,2024,MIL,2024-05-21 18:40:00,18,5,7,12,0,16,6,23,293,84.1,1,60,0.0167,0.0,80.0,26.7,69.0,1012.8,0.3,6.0,3.7,165.4,S,-3.62,-1.76,-5.04
746063,2024-05-22,2024,MIL,2024-05-22 18:40:00,18,1,0,1,1,12,1,8,220,80.7,1,45,0.0222,0.125,82.1,27.8,66.7,1014.0,0.0,12.4,7.7,87.0,E,-11.22,-12.38,-8.71
746059,2024-05-31,2024,TEX,2024-05-31 19:10:00,19,8,2,10,3,7,5,18,259,84.5,9,59,0.1525,0.1667,81.4,27.4,67.0,1018.3,0.0,23.6,14.7,43.7,NE,-8.52,-15.53,-0.48
746062,2024-06-01,2024,TEX,2024-06-01 16:10:00,16,0,7,7,0,28,6,20,314,82.9,3,44,0.0682,0.0,82.5,28.1,63.3,1016.9,0.5,26.5,16.5,72.3,E,-20.25,-24.88,-13.18
746061,2024-06-02,2024,TEX,2024-06-02 13:40:00,13,0,6,6,1,16,4,17,284,83.6,2,52,0.0385,0.0588,81.6,27.6,71.0,1016.7,0.5,19.3,12.0,93.6,E,-18.3,-19.33,-15.06
746060,2024-06-04,2024,TB,2024-06-04 18:40:00,18,5,9,14,2,21,4,24,334,85.7,4,57,0.0702,0.0833,82.8,28.2,62.3,1012.2,0.0,12.6,7.8,79.0,E,-10.51,-12.25,-7.49
746056,2024-06-05,2024,TB,2024-06-05 18:40:00,18,3,5,8,0,15,3,15,249,85.2,4,52,0.0769,0.0,82.9,28.3,73.3,1011.3,0.0,11.6,7.2,123.4,SE,-11.39,-9.95,-11.45
746053,2024-06-07,2024,CLE,2024-06-07 19:10:00,19,3,2,5,3,12,5,13,227,84.3,6,49,0.1224,0.2308,83.7,28.7,72.0,1012.0,0.0,8.6,5.3,235.3,SW,4.64,6.82,1.89
746057,2024-06-08,2024,CLE,2024-06-08 19:35:00,19,0,8,8,2,12,9,16,302,83.9,4,55,0.0727,0.125,79.5,26.4,86.7,1014.6,1.2,8.1,5.1,262.7,W,7.06,8.01,5.25
746054,2024-06-09,2024,CLE,2024-06-09 13:40:00,13,3,6,9,4,19,4,15,284,80.8,6,48,0.125,0.2667,87.0,30.5,67.7,1012.7,2.4,14.9,9.3,171.8,S,-7.61,-2.77,-11.53
746055,2024-06-17,2024,STL,2024-06-17 18:40:00,18,6,7,13,3,17,7,18,355,82.1,6,69,0.087,0.1667,81.8,27.7,72.7,1014.1,0.0,24.1,15.0,81.3,E,-20.65,-23.68,-15.13
746049,2024-06-18,2024,STL,2024-06-18 18:10:00,18,9,8,17,5,17,3,25,315,83.5,5,69,0.0725,0.2,81.9,27.7,71.7,1013.1,0.0,18.7,11.6,85.3,E,-16.64,-18.55,-12.71
746050,2024-06-19,2024,STL,2024-06-19 12:40:00,12,4,3,7,3,17,2,18,270,81.0,5,53,0.0943,0.1667,84.9,29.4,65.7,1015.9,0.7,25.5,15.9,83.7,E,-22.37,-25.23,-16.81
746052,2024-06-21,2024,SEA,2024-06-21 19:10:00,19,3,2,5,2,17,2,13,263,84.8,8,50,0.16,0.1538,79.8,26.6,86.7,1017.7,4.7,13.5,8.4,113.7,SE,-13.46,-12.56,-12.75
746048,2024-06-22,2024,SEA,2024-06-22 16:10:00,16,0,9,9,1,17,1,19,261,83.1,4,56,0.0714,0.0526,79.9,26.6,84.3,1015.9,0.1,13.9,8.6,111.1,E,-13.9,-13.18,-12.94
746051,2024-06-23,2024,SEA,2024-06-23 13:40:00,13,6,4,10,3,17,8,14,268,80.2,4,46,0.087,0.2143,83.8,28.8,70.7,1015.4,0.0,15.1,9.4,118.3,SE,-14.99,-13.56,-14.61
746047,2024-07-02,2024,BOS,2024-07-02 18:40:00,18,3,8,11,4,20,2,20,295,84.8,5,54,0.0926,0.2,83.7,28.7,81.3,1017.3,0.2,8.4,5.2,93.3,E,-7.97,-8.43,-6.54
746045,2024-07-03,2024,BOS,2024-07-03 18:40:00,18,2,7,9,0,20,8,21,317,80.6,2,54,0.037,0.0,84.1,29.0,77.0,1016.4,0.0,14.7,9.1,85.0,E,-13.04,-14.57,-9.93
746043,2024-07-04,2024,BOS,2024-07-04 13:10:00,13,5,6,11,1,29,12,16,390,84.5,4,56,0.0714,0.0625,87.3,30.7,72.3,1014.6,0.2,18.2,11.3,96.7,E,-17.54,-18.19,-14.78
746046,2024-07-05,2024,CWS,2024-07-05 19:10:00,19,2,3,5,0,16,10,17,309,82.9,4,54,0.0741,0.0,82.5,28.1,78.3,1013.5,0.0,2.7,1.7,329.5,NW,2.13,1.45,2.55
746044,2024-07-06,2024,CWS,2024-07-06 16:10:00,16,4,3,7,1,22,6,15,309,79.3,2,42,0.0476,0.0667,84.7,29.3,74.3,1013.2,0.4,3.6,2.3,192.5,S,-0.63,0.63,-1.82
746039,2024-07-07,2024,CWS,2024-07-07 13:40:00,13,7,4,11,2,13,11,16,340,82.4,5,57,0.0877,0.125,86.1,30.0,77.3,1015.6,1.8,10.7,6.6,170.1,S,-5.71,-2.29,-8.45
746040,2024-07-19,2024,NYM,2024-07-19 19:10:00,19,6,4,10,3,10,10,18,293,84.7,5,57,0.0877,0.1667,83.8,28.8,78.7,1018.4,0.0,5.9,3.7,87.4,E,-5.34,-5.88,-4.16
746041,2024-07-20,2024,NYM,2024-07-20 16:10:00,16,0,1,1,0,22,9,10,280,82.2,2,42,0.0476,0.0,88.3,31.3,63.0,1018.4,0.2,16.1,10.0,95.0,E,-15.32,-16.05,-12.75
746042,2024-07-21,2024,NYM,2024-07-21 13:40:00,13,4,2,6,2,21,6,17,298,81.1,3,46,0.0652,0.1176,86.8,30.5,71.0,1017.2,0.4,17.9,11.1,106.0,E,-17.75,-17.37,-15.99
746034,2024-07-22,2024,NYM,2024-07-22 18:40:00,18,4,6,10,5,16,11,20,304,83.7,7,53,0.1321,0.25,81.6,27.5,81.3,1017.3,0.2,10.5,6.5,111.9,E,-10.5,-9.9,-9.83
746036,2024-07-23,2024,BAL,2024-07-23 18:40:00,18,6,3,9,1,21,3,19,295,80.1,1,46,0.0217,0.0526,84.3,29.0,74.0,1019.2,0.0,14.5,9.0,109.3,E,-14.51,-13.91,-13.36
746035,2024-07-24,2024,BAL,2024-07-24 18:40:00,18,6,3,9,1,16,10,13,294,82.8,1,45,0.0222,0.0769,84.7,29.3,72.3,1020.4,0.1,15.0,9.3,120.6,SE,-14.88,-13.26,-14.71
746037,2024-07-25,2024,BAL,2024-07-25 12:10:00,12,6,7,13,4,16,5,21,311,83.3,5,63,0.0794,0.1905,88.8,31.6,61.0,1020.1,0.0,19.0,11.8,107.3,E,-18.92,-18.37,-17.2
746038,2024-08-05,2024,CIN,2024-08-05 18:40:00,18,3,10,13,5,13,5,26,297,86.2,9,67,0.1343,0.1923,85.2,29.5,74.3,1015.3,0.0,17.4,10.8,217.1,SW,4.36,9.85,-1.65
746033,2024-08-06,2024,CIN,2024-08-06 18:40:00,18,2,8,10,2,18,7,17,284,81.9,6,52,0.1154,0.1176,81.8,27.7,85.3,1012.3,0.0,11.5,7.1,215.7,SW,2.62,6.29,-1.37
746031,2024-08-07,2024,CIN,2024-08-07 18:40:00,18,6,4,10,4,18,7,18,312,82.4,4,49,0.0816,0.2222,85.5,29.7,72.0,1008.1,0.0,13.2,8.2,218.0,SW,3.54,7.69,-1.04
746030,2024-08-08,2024,CIN,2024-08-08 18:10:00,18,4,10,14,1,21,8,21,364,82.7,1,59,0.0169,0.0476,82.7,28.2,77.0,1011.6,0.0,11.8,7.3,213.9,SW,2.34,6.15,-1.76
746032,2024-08-09,2024,SD,2024-08-09 19:10:00,19,2,6,8,3,15,5,15,282,84.3,6,59,0.1017,0.2,79.7,26.5,87.0,1017.4,1.5,9.6,6.0,222.3,SW,3.27,6.17,-0.03
746026,2024-08-10,2024,SD,2024-08-10 16:10:00,16,8,9,17,3,19,9,23,372,79.2,3,62,0.0484,0.1304,86.4,30.2,68.0,1017.5,0.2,9.9,6.2,181.0,S,-3.63,-0.27,-6.57
746025,2024-08-11,2024,SD,2024-08-11 13:40:00,13,7,6,13,3,20,2,20,283,82.5,4,51,0.0784,0.15,88.9,31.6,66.0,1017.7,0.0,12.0,7.5,112.7,SE,-12.0,-11.26,-11.29
746027,2024-08-19,2024,AZ,2024-08-19 18:40:00,18,6,9,15,4,11,8,20,285,83.7,4,60,0.0667,0.2,82.2,27.9,81.7,1014.3,0.0,7.6,4.7,207.4,SW,0.65,3.21,-1.99
746029,2024-08-20,2024,AZ,2024-08-20 18:40:00,18,1,3,4,2,15,6,11,274,81.0,4,49,0.0816,0.1818,84.0,28.9,76.7,1015.0,0.0,9.4,5.9,230.3,SW,4.4,6.99,1.29
746028,2024-08-21,2024,AZ,2024-08-21 18:40:00,18,8,10,18,4,19,9,26,358,82.3,6,59,0.1017,0.1538,82.1,27.8,81.0,1016.2,0.2,3.2,2.0,268.2,W,2.95,3.22,2.31
746024,2024-08-23,2024,CHC,2024-08-23 19:10:00,19,3,6,9,3,9,9,17,304,81.7,7,61,0.1148,0.1765,79.5,26.4,87.3,1016.9,0.9,10.2,6.3,61.3,NE,-6.37,-8.7,-3.28
746022,2024-08-24,2024,CHC,2024-08-24 16:10:00,16,2,14,16,6,12,10,21,308,84.1,6,62,0.0968,0.2857,83.2,28.4,74.0,1016.0,0.1,8.9,5.5,83.3,E,-7.74,-8.75,-5.8
746023,2024-08-25,2024,CHC,2024-08-25 13:40:00,13,7,2,9,2,13,6,17,259,83.6,4,54,0.0741,0.1176,85.9,29.9,71.7,1018.0,2.7,8.0,5.0,102.4,E,-7.84,-7.85,-6.89
746020,2024-09-03,2024,WSH,2024-09-03 18:40:00,18,2,6,8,2,21,6,19,301,82.7,3,50,0.06,0.1053,80.8,27.1,86.3,1015.1,1.2,10.7,6.7,105.7,E,-10.66,-10.45,-9.58
746019,2024-09-04,2024,WSH,2024-09-04 18:40:00,18,4,3,7,0,20,7,12,315,81.8,0,49,0.0,0.0,83.7,28.7,81.0,1016.0,0.3,13.6,8.5,106.3,E,-13.55,-13.24,-12.24
746021,2024-09-05,2024,PHI,2024-09-05 18:40:00,18,2,5,7,1,17,8,14,286,80.4,2,49,0.0408,0.0714,84.2,29.0,77.7,1015.2,0.0,13.5,8.4,94.0,E,-12.8,-13.5,-10.57
746016,2024-09-06,2024,PHI,2024-09-06 19:10:00,19,2,16,18,2,22,5,27,333,81.8,4,60,0.0667,0.0741,82.9,28.3,79.7,1012.3,0.0,8.7,5.4,114.7,SE,-8.69,-8.06,-8.28
746018,2024-09-07,2024,PHI,2024-09-07 16:10:00,16,9,5,14,3,16,4,25,308,82.5,6,60,0.1,0.12,86.7,30.4,66.3,1010.2,0.0,11.8,7.4,147.0,SE,-9.75,-6.87,-11.46
746017,2024-09-08,2024,PHI,2024-09-08 13:40:00,13,10,1,11,2,14,6,16,267,87.2,2,49,0.0408,0.125,88.5,31.4,65.0,1012.9,0.0,17.1,10.6,140.0,SE,-15.2,-11.58,-16.99
746015,2024-09-17,2024,LAD,2024-09-17 18:40:00,18,11,9,20,4,16,7,27,342,81.9,6,61,0.0984,0.1481,79.5,26.4,87.7,1012.8,2.9,4.0,2.5,345.7,N,2.42,1.17,3.37
746014,2024-09-18,2024,LAD,2024-09-18 18:40:00,18,4,8,12,3,18,4,19,304,82.1,5,55,0.0909,0.1579,79.5,26.4,88.0,1012.7,2.8,8.3,5.2,342.7,N,5.33,2.82,7.2
746011,2024-09-19,2024,LAD,2024-09-19 16:40:00,16,4,20,24,6,16,13,25,370,82.2,5,61,0.082,0.24,77.8,25.5,89.0,1010.5,1.8,6.3,3.9,261.8,W,5.45,6.22,4.01
746013,2024-09-20,2024,ATL,2024-09-20 19:10:00,19,4,3,7,2,13,7,17,280,82.3,5,53,0.0943,0.1176,77.9,25.5,93.0,1010.0,0.1,4.2,2.6,340.4,N,2.84,1.59,3.74
746012,2024-09-21,2024,ATL,2024-09-21 16:10:00,16,2,6,8,3,21,4,20,292,82.4,2,53,0.0377,0.15,83.4,28.6,69.0,1010.5,0.0,8.8,5.4,46.3,NE,-3.54,-6.07,-0.59
746010,2024-09-22,2024,ATL,2024-09-22 13:40:00,13,4,5,9,6,22,3,20,298,80.9,9,51,0.1765,0.3,86.9,30.5,64.3,1010.9,0.1,10.4,6.5,62.3,NE,-6.69,-9.02,-3.54
778562,2025-03-27,2025,PIT,2025-03-27 16:10:00,16,5,4,9,1,22,14,11,361,79.7,3,39,0.0769,0.0909,77.4,25.2,46.3,1021.2,0.0,20.5,12.7,58.0,NE,-11.9,-16.89,-5.48
778539,2025-03-29,2025,PIT,2025-03-29 16:10:00,16,5,4,9,0,19,11,22,378,81.5,5,70,0.0714,0.0,76.7,24.8,66.0,1017.9,0.0,24.5,15.2,93.0,E,-23.13,-24.53,-18.93
778519,2025-03-30,2025,PIT,2025-03-30 13:40:00,13,3,2,5,2,14,7,12,275,81.2,2,46,0.0435,0.1667,75.7,24.3,82.3,1016.7,6.3,13.2,8.2,131.5,SE,-12.51,-10.29,-13.23
778509,2025-03-31,2025,NYM,2025-03-31 18:40:00,18,4,10,14,6,16,7,20,313,85.5,7,55,0.1273,0.3,76.5,24.7,88.0,1014.1,0.3,11.1,6.9,182.3,S,-3.82,-0.03,-7.14
778497,2025-04-01,2025,NYM,2025-04-01 18:40:00,18,4,2,6,2,15,2,8,225,85.5,4,45,0.0889,0.25,77.5,25.3,86.7,1016.5,0.0,9.6,6.0,129.3,SE,-9.22,-7.71,-9.62
778481,2025-04-02,2025,NYM,2025-04-02 16:40:00,16,5,6,11,1,20,7,22,350,82.6,8,67,0.1194,0.0455,79.6,26.5,72.3,1018.9,0.3,19.2,11.9,104.7,E,-18.99,-18.74,-16.95
778369,2025-04-11,2025,WSH,2025-04-11 19:10:00,19,4,7,11,2,12,11,16,299,82.9,4,59,0.0678,0.125,74.9,23.8,65.3,1014.9,0.0,11.8,7.3,225.0,SW,4.51,7.95,0.52
778354,2025-04-12,2025,WSH,2025-04-12 16:10:00,16,7,6,13,1,8,8,18,286,81.6,7,59,0.1186,0.0556,81.3,27.4,21.7,1013.5,0.0,12.4,7.7,322.3,NW,10.78,8.02,12.25
778337,2025-04-13,2025,WSH,2025-04-13 13:40:00,13,11,4,15,1,14,15,24,315,79.9,4,56,0.0714,0.0417,79.6,26.5,43.0,1018.6,0.0,12.9,8.0,104.3,E,-12.8,-12.66,-11.4
778318,2025-04-15,2025,AZ,2025-04-15 18:40:00,18,4,10,14,3,21,4,21,301,84.8,5,54,0.0926,0.1429,76.2,24.6,56.7,1016.7,0.0,15.6,9.7,168.4,S,-8.74,-3.81,-12.62
778303,2025-04-16,2025,AZ,2025-04-16 18:40:00,18,2,6,8,5,19,7,16,292,81.1,6,49,0.1224,0.3125,76.3,24.6,66.0,1016.3,0.0,9.3,5.8,57.0,NE,-5.25,-7.55,-2.33
778291,2025-04-17,2025,AZ,2025-04-17 12:10:00,12,4,6,10,2,32,13,18,379,79.6,3,43,0.0698,0.1111,81.4,27.5,42.7,1019.7,0.0,15.9,9.9,72.3,E,-12.15,-14.93,-7.91
778230,2025-04-21,2025,CIN,2025-04-21 18:40:00,18,6,3,9,3,18,4,18,287,81.4,4,50,0.08,0.1667,77.2,25.1,59.0,1019.4,0.0,17.3,10.7,78.0,E,-14.26,-16.75,-10.05
778219,2025-04-22,2025,CIN,2025-04-22 18:40:00,18,4,3,7,1,17,8,16,267,86.7,3,48,0.0625,0.0625,76.1,24.5,67.7,1018.0,0.0,14.1,8.8,76.0,E,-11.36,-13.55,-7.8
778208,2025-04-23,2025,CIN,2025-04-23 13:10:00,13,2,5,7,2,18,5,14,307,80.6,3,50,0.06,0.1429,82.6,28.1,48.0,1018.4,0.0,14.9,9.2,91.7,E,-13.89,-14.87,-11.25
778091,2025-05-02,2025,ATH,2025-05-02 19:10:00,19,1,6,7,2,15,5,14,284,82.7,1,53,0.0189,0.1429,76.6,24.8,64.3,1015.5,0.0,15.4,9.6,94.3,E,-14.63,-15.39,-12.11
778075,2025-05-03,2025,ATH,2025-05-03 16:10:00,16,9,6,15,5,16,10,16,290,85.8,7,51,0.1373,0.3125,80.1,26.7,62.3,1013.7,0.5,10.9,6.8,159.3,S,-7.46,-4.29,-9.73
778061,2025-05-04,2025,ATH,2025-05-04 13:40:00,13,2,3,5,0,12,2,15,247,84.7,1,54,0.0185,0.0,79.5,26.4,70.7,1013.0,0.9,12.8,8.0,167.7,S,-7.33,-3.29,-10.49
778047,2025-05-05,2025,LAD,2025-05-05 18:40:00,18,4,7,11,3,18,4,23,298,84.9,4,59,0.0678,0.1304,76.5,24.7,82.7,1014.8,0.2,6.6,4.1,93.4,E,-6.21,-6.57,-5.1
778035,2025-05-06,2025,LAD,2025-05-06 18:40:00,18,5,4,9,3,25,10,19,339,81.9,6,45,0.1333,0.1579,80.5,27.0,69.7,1016.2,0.0,11.4,7.1,108.3,E,-11.34,-10.94,-10.37
778017,2025-05-07,2025,LAD,2025-05-07 16:40:00,16,1,10,11,1,20,8,17,287,83.3,6,49,0.1224,0.0588,81.3,27.4,58.0,1015.8,0.0,11.2,6.9,119.3,SE,-11.09,-9.96,-10.87
777903,2025-05-16,2025,TB,2025-05-16 19:10:00,19,9,4,13,0,18,7,20,301,82.9,1,53,0.0189,0.0,80.6,27.0,73.3,1016.0,0.0,9.0,5.6,129.0,SE,-8.66,-7.26,-9.02
777889,2025-05-17,2025,TB,2025-05-17 16:10:00,16,0,4,4,0,12,2,16,279,82.7,1,57,0.0175,0.0,85.3,29.6,61.0,1015.5,0.0,13.5,8.4,154.0,SE,-10.14,-6.46,-12.59
777877,2025-05-18,2025,TB,2025-05-18 13:40:00,13,5,1,6,2,14,5,13,260,84.9,3,47,0.0638,0.1538,87.3,30.7,55.3,1015.5,0.0,13.8,8.6,148.0,SE,-11.21,-7.8,-13.27
777863,2025-05-19,2025,CHC,2025-05-19 18:40:00,18,8,7,15,3,21,5,23,319,85.8,9,53,0.1698,0.1304,82.4,28.0,69.0,1013.9,0.0,14.0,8.7,144.3,SE,-11.92,-8.67,-13.73
777850,2025-05-20,2025,CHC,2025-05-20 18:40:00,18,1,14,15,3,9,5,27,287,81.6,4,69,0.058,0.1111,82.6,28.1,67.0,1013.8,0.0,15.5,9.7,175.7,S,-7.01,-1.85,-11.33
777833,2025-05-21,2025,CHC,2025-05-21 13:10:00,13,1,2,3,1,11,6,14,288,83.4,3,53,0.0566,0.0714,87.2,30.7,64.3,1014.1,0.7,17.8,11.1,157.3,SE,-12.62,-7.57,-16.15
777717,2025-05-30,2025,SF,2025-05-30 19:10:00,19,0,2,2,1,23,8,14,313,82.4,3,43,0.0698,0.0714,85.2,29.6,60.0,1014.5,0.0,9.8,6.1,228.3,SW,4.28,7.05,1.0
777705,2025-05-31,2025,SF,2025-05-31 16:10:00,16,1,0,1,0,17,7,11,247,84.2,2,41,0.0488,0.0,86.8,30.5,56.3,1011.5,0.0,7.9,4.9,248.3,W,5.64,7.18,3.43
777689,2025-06-01,2025,SF,2025-06-01 13:40:00,13,2,4,6,1,17,9,17,303,79.5,1,51,0.0196,0.0588,84.7,29.3,69.0,1014.4,0.3,5.8,3.6,237.0,SW,3.26,4.69,1.44
777673,2025-06-02,2025,COL,2025-06-02 18:40:00,18,4,6,10,2,17,3,23,280,84.1,5,59,0.0847,0.087,75.9,24.4,91.0,1016.4,14.4,8.4,5.2,204.5,SW,0.3,3.16,-2.6
777666,2025-06-03,2025,COL,2025-06-03 18:40:00,18,2,3,5,1,8,5,13,254,84.4,2,59,0.0339,0.0769,74.8,23.8,92.3,1015.8,10.0,12.2,7.6,169.3,S,-6.66,-2.78,-9.74
777652,2025-06-04,2025,COL,2025-06-04 12:10:00,12,2,3,5,0,14,1,11,268,83.9,5,48,0.1042,0.0,79.4,26.3,85.3,1018.4,0.3,8.3,5.2,144.3,SE,-7.05,-5.13,-8.12
777483,2025-06-16,2025,PHI,2025-06-16 18:40:00,18,2,5,7,2,13,3,15,299,84.3,3,56,0.0536,0.1333,84.3,29.0,60.3,1017.7,0.0,13.3,8.3,119.0,SE,-13.25,-11.93,-12.96
777481,2025-06-17,2025,PHI,2025-06-17 18:10:00,18,8,3,11,3,13,5,20,314,82.9,5,57,0.0877,0.15,84.6,29.2,62.3,1018.1,0.0,13.3,8.3,126.3,SE,-12.91,-11.05,-13.22
777465,2025-06-18,2025,PHI,2025-06-18 18:40:00,18,2,4,6,2,21,9,16,293,82.2,5,48,0.1042,0.125,84.2,29.0,65.7,1019.5,0.0,12.5,7.8,115.3,SE,-12.52,-11.55,-11.98
777444,2025-06-19,2025,PHI,2025-06-19 18:40:00,18,1,2,3,1,10,3,12,225,81.8,3,53,0.0566,0.0833,82.3,28.0,66.3,1019.3,0.6,4.6,2.8,301.9,NW,4.5,3.98,4.49
777439,2025-06-20,2025,ATL,2025-06-20 19:10:00,19,6,2,8,2,12,4,17,273,84.9,5,55,0.0909,0.1176,83.3,28.5,64.7,1018.9,0.1,11.2,6.9,110.3,E,-11.16,-10.63,-10.34
777424,2025-06-21,2025,ATL,2025-06-21 16:10:00,16,0,7,7,1,16,11,15,318,84.2,2,51,0.0392,0.0667,86.1,30.0,57.3,1017.9,0.3,14.2,8.8,77.7,E,-11.63,-13.69,-8.16
777402,2025-06-22,2025,ATL,2025-06-22 13:40:00,13,5,3,8,1,14,5,19,275,84.8,3,55,0.0545,0.0526,86.3,30.2,62.7,1019.6,0.0,16.6,10.3,105.0,E,-16.42,-16.17,-14.7
777293,2025-07-01,2025,MIN,2025-07-01 18:40:00,18,2,0,2,1,13,2,10,228,84.9,2,47,0.0426,0.1,81.4,27.5,77.7,1017.3,0.7,6.2,3.9,183.9,S,-1.98,0.15,-3.87
777275,2025-07-02,2025,MIN,2025-07-02 18:40:00,18,1,2,3,1,14,4,16,259,85.5,2,51,0.0392,0.0625,80.7,27.0,82.3,1016.7,0.7,3.3,2.1,233.2,SW,1.7,2.58,0.62
777263,2025-07-03,2025,MIN,2025-07-03 12:10:00,12,4,1,5,2,18,2,13,232,83.0,5,44,0.1136,0.1538,85.1,29.5,67.7,1015.8,3.7,15.3,9.5,218.7,SW,4.27,9.05,-1.03
777254,2025-07-04,2025,MIL,2025-07-04 19:10:00,19,5,6,11,2,19,6,16,309,83.7,3,52,0.0577,0.125,78.6,25.9,89.7,1015.2,1.3,8.9,5.6,235.7,SW,4.89,7.15,2.03
777238,2025-07-05,2025,MIL,2025-07-05 16:10:00,16,4,2,6,1,17,2,17,257,83.5,4,50,0.08,0.0588,83.5,28.6,74.0,1013.7,0.1,16.5,10.2,206.0,SW,1.01,6.57,-4.68
777224,2025-07-06,2025,MIL,2025-07-06 13:40:00,13,1,3,4,2,17,0,12,228,82.4,3,46,0.0652,0.1667,85.2,29.5,74.3,1017.8,0.3,13.8,8.6,191.0,S,-2.75,2.04,-7.21
777109,2025-07-18,2025,KC,2025-07-18 19:10:00,19,8,7,15,5,16,5,22,300,85.7,9,62,0.1452,0.2273,83.7,28.7,78.0,1020.4,0.0,11.2,7.0,78.7,E,-9.33,-10.91,-6.63
777093,2025-07-19,2025,KC,2025-07-19 16:10:00,16,3,1,4,1,8,8,9,235,82.9,3,48,0.0625,0.1111,87.6,30.9,62.3,1019.1,0.0,12.0,7.4,81.7,E,-10.28,-11.75,-7.56
777082,2025-07-20,2025,KC,2025-07-20 13:40:00,13,4,7,11,1,10,7,16,280,81.5,2,62,0.0323,0.0625,90.7,32.6,54.7,1018.7,0.0,12.2,7.6,112.7,SE,-12.23,-11.48,-11.51
777062,2025-07-21,2025,SD,2025-07-21 18:40:00,18,1,2,3,1,13,4,14,247,83.6,2,52,0.0385,0.0714,85.9,29.9,65.7,1015.8,0.0,9.5,5.9,140.3,SE,-8.43,-6.4,-9.44
777052,2025-07-22,2025,SD,2025-07-22 18:40:00,18,4,3,7,0,17,3,18,267,82.7,2,50,0.04,0.0,80.1,26.7,80.3,1015.9,0.4,6.2,3.9,224.7,SW,2.36,4.19,0.24
777037,2025-07-23,2025,SD,2025-07-23 12:10:00,12,3,2,5,1,11,3,12,254,81.6,4,50,0.08,0.0833,84.1,29.0,74.7,1018.1,0.2,7.3,4.5,162.0,S,-4.72,-2.54,-6.32
776925,2025-08-01,2025,NYY,2025-08-01 19:10:00,19,13,12,25,6,21,10,27,400,82.5,7,59,0.1186,0.2222,84.9,29.4,69.7,1020.2,0.0,6.8,4.2,152.0,SE,-5.22,-3.43,-6.38
776910,2025-08-02,2025,NYY,2025-08-02 16:10:00,16,2,0,2,2,16,6,6,246,83.5,4,37,0.1081,0.3333,89.2,31.8,57.0,1016.2,0.0,12.6,7.8,146.0,SE,-10.51,-7.5,-12.25
776891,2025-08-03,2025,NYY,2025-08-03 13:40:00,13,7,3,10,3,22,8,15,304,82.5,5,43,0.1163,0.2,90.3,32.4,56.7,1014.6,0.1,13.5,8.4,147.7,SE,-11.06,-7.73,-13.06
776875,2025-08-04,2025,HOU,2025-08-04 18:40:00,18,2,8,10,2,17,3,18,288,84.5,2,55,0.0364,0.1111,86.7,30.4,65.0,1017.4,0.7,7.9,4.9,159.2,S,-5.39,-3.11,-7.03
776862,2025-08-05,2025,HOU,2025-08-05 18:40:00,18,3,7,10,4,12,7,17,279,82.3,7,58,0.1207,0.2353,86.8,30.4,63.7,1019.6,0.1,8.8,5.5,86.7,E,-7.95,-8.79,-6.16
776849,2025-08-06,2025,HOU,2025-08-06 16:40:00,16,6,4,10,3,16,8,26,327,85.4,4,58,0.069,0.1154,87.5,30.8,61.3,1019.1,0.1,12.5,7.8,65.0,NE,-8.47,-11.12,-4.8
776688,2025-08-18,2025,STL,2025-08-18 18:40:00,18,3,8,11,2,17,7,16,287,82.6,2,54,0.037,0.125,87.0,30.6,64.3,1011.8,0.1,10.7,6.7,32.5,NE,-1.86,-5.37,1.86
776686,2025-08-19,2025,STL,2025-08-19 18:40:00,18,4,7,11,0,19,4,17,285,81.8,4,53,0.0755,0.0,78.9,26.0,87.0,1010.8,0.6,7.9,4.9,309.6,NW,7.58,6.33,7.92
776670,2025-08-20,2025,STL,2025-08-20 18:40:00,18,6,2,8,2,20,8,14,303,84.4,5,45,0.1111,0.1429,84.9,29.4,72.3,1009.9,1.1,9.2,5.7,290.6,W,9.2,8.74,8.54
776646,2025-08-22,2025,TOR,2025-08-22 19:10:00,19,2,5,7,3,13,6,13,278,82.1,6,50,0.12,0.2308,81.9,27.7,77.3,1015.4,0.0,7.2,4.5,220.0,SW,2.16,4.37,-0.31
776630,2025-08-23,2025,TOR,2025-08-23 16:10:00,16,6,7,13,1,17,7,22,373,83.3,7,73,0.0959,0.0455,81.0,27.2,81.3,1013.8,4.2,8.6,5.3,252.7,W,6.61,8.09,4.33
776614,2025-08-24,2025,TOR,2025-08-24 13:40:00,13,5,3,8,2,14,5,14,270,78.2,2,50,0.04,0.1429,85.9,30.0,71.0,1015.0,0.8,12.8,7.9,223.8,SW,4.63,8.42,0.29
776600,2025-08-25,2025,ATL,2025-08-25 18:40:00,18,2,1,3,2,17,4,7,252,82.8,3,39,0.0769,0.2857,83.8,28.8,80.7,1016.6,0.0,5.2,3.2,188.2,S,-1.29,0.51,-2.93
776581,2025-08-26,2025,ATL,2025-08-26 18:40:00,18,2,11,13,2,11,7,23,317,84.0,4,64,0.0625,0.087,82.5,28.1,78.0,1017.7,1.1,5.6,3.5,45.1,NE,-2.17,-3.82,-0.26
776565,2025-08-27,2025,ATL,2025-08-27 13:10:00,13,1,12,13,5,14,12,16,323,84.2,6,55,0.1091,0.3125,90.4,32.4,59.3,1017.4,0.0,9.4,5.8,69.0,E,-6.82,-8.62,-4.2
776456,2025-09-05,2025,PHI,2025-09-05 19:10:00,19,3,9,12,5,14,5,24,295,83.6,7,62,0.1129,0.2083,79.3,26.3,91.7,1014.5,0.4,4.2,2.6,209.0,SW,0.47,1.86,-0.97
776433,2025-09-06,2025,PHI,2025-09-06 16:10:00,16,2,4,6,1,18,6,15,285,82.1,6,47,0.1277,0.0667,81.6,27.6,83.7,1014.2,0.4,3.1,1.9,230.4,SW,1.47,2.33,0.43
776426,2025-09-07,2025,PHI,2025-09-07 13:40:00,13,5,4,9,3,11,9,17,301,84.4,4,57,0.0702,0.1765,82.1,27.8,79.7,1014.5,8.1,5.5,3.4,252.4,W,4.2,5.16,2.74
776409,2025-09-08,2025,WSH,2025-09-08 18:40:00,18,7,15,22,6,10,10,29,323,84.9,10,72,0.1389,0.2069,78.0,25.6,91.3,1013.1,1.9,1.1,0.7,241.7,SW,0.72,0.97,0.37
776397,2025-09-09,2025,WSH,2025-09-09 18:40:00,18,5,7,12,3,8,6,18,308,83.3,5,65,0.0769,0.1667,79.1,26.2,90.7,1013.6,1.0,3.8,2.4,266.5,W,3.42,3.78,2.64
776386,2025-09-10,2025,WSH,2025-09-10 18:40:00,18,8,3,11,1,20,2,23,290,82.4,4,53,0.0755,0.0435,80.9,27.2,87.0,1015.1,0.7,4.4,2.7,245.9,SW,3.0,3.91,1.74
776367,2025-09-11,2025,WSH,2025-09-11 18:40:00,18,5,0,5,0,15,5,14,277,83.5,0,48,0.0,0.0,77.8,25.4,91.7,1014.5,2.7,4.1,2.6,273.8,W,3.92,4.13,3.23
776366,2025-09-12,2025,DET,2025-09-12 19:10:00,19,8,2,10,4,15,3,12,222,84.3,4,48,0.0833,0.3333,77.5,25.3,91.0,1013.8,0.0,7.5,4.7,9.2,N,1.74,-0.87,4.14
776347,2025-09-13,2025,DET,2025-09-13 16:10:00,16,6,4,10,3,17,9,18,318,85.8,3,62,0.0484,0.1667,79.2,26.2,82.0,1010.9,2.4,5.9,3.6,20.1,N,0.24,-1.78,2.23
776332,2025-09-14,2025,DET,2025-09-14 13:40:00,13,0,2,2,0,15,6,11,273,83.7,1,50,0.02,0.0,85.3,29.6,69.3,1011.3,0.1,6.3,3.9,130.0,SE,-5.98,-4.97,-6.26
776173,2025-09-26,2025,NYM,2025-09-26 19:10:00,19,6,2,8,2,10,4,16,258,82.8,4,55,0.0727,0.125,81.1,27.3,85.0,1011.7,0.0,1.7,1.1,1.9,N,0.61,0.02,1.13
776161,2025-09-27,2025,NYM,2025-09-27 16:10:00,16,0,5,5,1,20,9,9,289,82.1,4,43,0.093,0.1111,82.1,27.8,81.3,1009.8,0.8,13.0,8.1,49.2,NE,-5.86,-9.49,-1.52
776148,2025-09-28,2025,NYM,2025-09-28 15:10:00,15,4,0,4,0,17,10,14,291,85.6,4,46,0.087,0.0,82.3,28.0,77.3,1008.7,0.8,14.7,9.1,30.0,NE,-1.92,-6.78,3.17
